date,value,unit,source_id
1943-03-01,1.6,"% variacion mensual del IPC (BCRA 'Principales Variables' id 27 'Inflacion mensual', serie historica empalmada de INDEC, via thomasriveros/BCRA_Data)",bcra_data_inflacion_mensual
1943-04-01,0.7,"% variacion mensual del IPC (BCRA 'Principales Variables' id 27 'Inflacion mensual', serie historica empalmada de INDEC, via thomasriveros/BCRA_Data)",bcra_data_inflacion_mensual
1943-05-01,-0.9,"% variacion mensual del IPC (BCRA 'Principales Variables' id 27 'Inflacion mensual', serie historica empalmada de INDEC, via thomasriveros/BCRA_Data)",bcra_data_inflacion_mensual
1943-06-01,0.1,"% variacion mensual del IPC (BCRA 'Principales Variables' id 27 'Inflacion mensual', serie historica empalmada de INDEC, via thomasriveros/BCRA_Data)",bcra_data_inflacion_mensual
1943-07-01,-5.6,"% variacion mensual del IPC (BCRA 'Principales Variables' id 27 'Inflacion mensual', serie historica empalmada de INDEC, via thomasriveros/BCRA_Data)",bcra_data_inflacion_mensual
1943-08-01,1,"% variacion mensual del IPC (BCRA 'Principales Variables' id 27 'Inflacion mensual', serie historica empalmada de INDEC, via thomasriveros/BCRA_Data)",bcra_data_inflacion_mensual
1943-09-01,-0.9,"% variacion mensual del IPC (BCRA 'Principales Variables' id 27 'Inflacion mensual', serie historica empalmada de INDEC, via thomasriveros/BCRA_Data)",bcra_data_inflacion_mensual
1943-10-01,1,"% variacion mensual del IPC (BCRA 'Principales Variables' id 27 'Inflacion mensual', serie historica empalmada de INDEC, via thomasriveros/BCRA_Data)",bcra_data_inflacion_mensual
1943-11-01,0,"% variacion mensual del IPC (BCRA 'Principales Variables' id 27 'Inflacion mensual', serie historica empalmada de INDEC, via thomasriveros/BCRA_Data)",bcra_data_inflacion_mensual
1943-12-01,-0.3,"% variacion mensual del IPC (BCRA 'Principales Variables' id 27 'Inflacion mensual', serie historica empalmada de INDEC, via thomasriveros/BCRA_Data)",bcra_data_inflacion_mensual
1944-01-01,0.7,"% variacion mensual del IPC (BCRA 'Principales Variables' id 27 'Inflacion mensual', serie historica empalmada de INDEC, via thomasriveros/BCRA_Data)",bcra_data_inflacion_mensual
1944-02-01,0.2,"% variacion mensual del IPC (BCRA 'Principales Variables' id 27 'Inflacion mensual', serie historica empalmada de INDEC, via thomasriveros/BCRA_Data)",bcra_data_inflacion_mensual
1944-03-01,0.6,"% variacion mensual del IPC (BCRA 'Principales Variables' id 27 'Inflacion mensual', serie historica empalmada de INDEC, via thomasriveros/BCRA_Data)",bcra_data_inflacion_mensual
1944-04-01,-1.1,"% variacion mensual del IPC (BCRA 'Principales Variables' id 27 'Inflacion mensual', serie historica empalmada de INDEC, via thomasriveros/BCRA_Data)",bcra_data_inflacion_mensual
1944-05-01,-0.4,"% variacion mensual del IPC (BCRA 'Principales Variables' id 27 'Inflacion mensual', serie historica empalmada de INDEC, via thomasriveros/BCRA_Data)",bcra_data_inflacion_mensual
1944-06-01,1.8,"% variacion mensual del IPC (BCRA 'Principales Variables' id 27 'Inflacion mensual', serie historica empalmada de INDEC, via thomasriveros/BCRA_Data)",bcra_data_inflacion_mensual
1944-07-01,-0.1,"% variacion mensual del IPC (BCRA 'Principales Variables' id 27 'Inflacion mensual', serie historica empalmada de INDEC, via thomasriveros/BCRA_Data)",bcra_data_inflacion_mensual
1944-08-01,1.4,"% variacion mensual del IPC (BCRA 'Principales Variables' id 27 'Inflacion mensual', serie historica empalmada de INDEC, via thomasriveros/BCRA_Data)",bcra_data_inflacion_mensual
1944-09-01,-0.2,"% variacion mensual del IPC (BCRA 'Principales Variables' id 27 'Inflacion mensual', serie historica empalmada de INDEC, via thomasriveros/BCRA_Data)",bcra_data_inflacion_mensual
1944-10-01,0.7,"% variacion mensual del IPC (BCRA 'Principales Variables' id 27 'Inflacion mensual', serie historica empalmada de INDEC, via thomasriveros/BCRA_Data)",bcra_data_inflacion_mensual
1944-11-01,0,"% variacion mensual del IPC (BCRA 'Principales Variables' id 27 'Inflacion mensual', serie historica empalmada de INDEC, via thomasriveros/BCRA_Data)",bcra_data_inflacion_mensual
1944-12-01,0.2,"% variacion mensual del IPC (BCRA 'Principales Variables' id 27 'Inflacion mensual', serie historica empalmada de INDEC, via thomasriveros/BCRA_Data)",bcra_data_inflacion_mensual
1945-01-01,7.8,"% variacion mensual del IPC (BCRA 'Principales Variables' id 27 'Inflacion mensual', serie historica empalmada de INDEC, via thomasriveros/BCRA_Data)",bcra_data_inflacion_mensual
1945-02-01,1.9,"% variacion mensual del IPC (BCRA 'Principales Variables' id 27 'Inflacion mensual', serie historica empalmada de INDEC, via thomasriveros/BCRA_Data)",bcra_data_inflacion_mensual
1945-03-01,7.5,"% variacion mensual del IPC (BCRA 'Principales Variables' id 27 'Inflacion mensual', serie historica empalmada de INDEC, via thomasriveros/BCRA_Data)",bcra_data_inflacion_mensual
1945-04-01,0.1,"% variacion mensual del IPC (BCRA 'Principales Variables' id 27 'Inflacion mensual', serie historica empalmada de INDEC, via thomasriveros/BCRA_Data)",bcra_data_inflacion_mensual
1945-05-01,0.3,"% variacion mensual del IPC (BCRA 'Principales Variables' id 27 'Inflacion mensual', serie historica empalmada de INDEC, via thomasriveros/BCRA_Data)",bcra_data_inflacion_mensual
1945-06-01,0.1,"% variacion mensual del IPC (BCRA 'Principales Variables' id 27 'Inflacion mensual', serie historica empalmada de INDEC, via thomasriveros/BCRA_Data)",bcra_data_inflacion_mensual
1945-07-01,1.2,"% variacion mensual del IPC (BCRA 'Principales Variables' id 27 'Inflacion mensual', serie historica empalmada de INDEC, via thomasriveros/BCRA_Data)",bcra_data_inflacion_mensual
1945-08-01,-0.9,"% variacion mensual del IPC (BCRA 'Principales Variables' id 27 'Inflacion mensual', serie historica empalmada de INDEC, via thomasriveros/BCRA_Data)",bcra_data_inflacion_mensual
1945-09-01,0.6,"% variacion mensual del IPC (BCRA 'Principales Variables' id 27 'Inflacion mensual', serie historica empalmada de INDEC, via thomasriveros/BCRA_Data)",bcra_data_inflacion_mensual
1945-10-01,0.1,"% variacion mensual del IPC (BCRA 'Principales Variables' id 27 'Inflacion mensual', serie historica empalmada de INDEC, via thomasriveros/BCRA_Data)",bcra_data_inflacion_mensual
1945-11-01,0.2,"% variacion mensual del IPC (BCRA 'Principales Variables' id 27 'Inflacion mensual', serie historica empalmada de INDEC, via thomasriveros/BCRA_Data)",bcra_data_inflacion_mensual
1945-12-01,2.2,"% variacion mensual del IPC (BCRA 'Principales Variables' id 27 'Inflacion mensual', serie historica empalmada de INDEC, via thomasriveros/BCRA_Data)",bcra_data_inflacion_mensual
1946-01-01,7,"% variacion mensual del IPC (BCRA 'Principales Variables' id 27 'Inflacion mensual', serie historica empalmada de INDEC, via thomasriveros/BCRA_Data)",bcra_data_inflacion_mensual
1946-02-01,0.2,"% variacion mensual del IPC (BCRA 'Principales Variables' id 27 'Inflacion mensual', serie historica empalmada de INDEC, via thomasriveros/BCRA_Data)",bcra_data_inflacion_mensual
1946-03-01,2.9,"% variacion mensual del IPC (BCRA 'Principales Variables' id 27 'Inflacion mensual', serie historica empalmada de INDEC, via thomasriveros/BCRA_Data)",bcra_data_inflacion_mensual
1946-04-01,1.7,"% variacion mensual del IPC (BCRA 'Principales Variables' id 27 'Inflacion mensual', serie historica empalmada de INDEC, via thomasriveros/BCRA_Data)",bcra_data_inflacion_mensual
1946-05-01,-0.3,"% variacion mensual del IPC (BCRA 'Principales Variables' id 27 'Inflacion mensual', serie historica empalmada de INDEC, via thomasriveros/BCRA_Data)",bcra_data_inflacion_mensual
1946-06-01,1.7,"% variacion mensual del IPC (BCRA 'Principales Variables' id 27 'Inflacion mensual', serie historica empalmada de INDEC, via thomasriveros/BCRA_Data)",bcra_data_inflacion_mensual
1946-07-01,0.2,"% variacion mensual del IPC (BCRA 'Principales Variables' id 27 'Inflacion mensual', serie historica empalmada de INDEC, via thomasriveros/BCRA_Data)",bcra_data_inflacion_mensual
1946-08-01,-0.7,"% variacion mensual del IPC (BCRA 'Principales Variables' id 27 'Inflacion mensual', serie historica empalmada de INDEC, via thomasriveros/BCRA_Data)",bcra_data_inflacion_mensual
1946-09-01,0.1,"% variacion mensual del IPC (BCRA 'Principales Variables' id 27 'Inflacion mensual', serie historica empalmada de INDEC, via thomasriveros/BCRA_Data)",bcra_data_inflacion_mensual
1946-10-01,2.5,"% variacion mensual del IPC (BCRA 'Principales Variables' id 27 'Inflacion mensual', serie historica empalmada de INDEC, via thomasriveros/BCRA_Data)",bcra_data_inflacion_mensual
1946-11-01,0.4,"% variacion mensual del IPC (BCRA 'Principales Variables' id 27 'Inflacion mensual', serie historica empalmada de INDEC, via thomasriveros/BCRA_Data)",bcra_data_inflacion_mensual
1946-12-01,1.7,"% variacion mensual del IPC (BCRA 'Principales Variables' id 27 'Inflacion mensual', serie historica empalmada de INDEC, via thomasriveros/BCRA_Data)",bcra_data_inflacion_mensual
1947-01-01,-0.9,"% variacion mensual del IPC (BCRA 'Principales Variables' id 27 'Inflacion mensual', serie historica empalmada de INDEC, via thomasriveros/BCRA_Data)",bcra_data_inflacion_mensual
1947-02-01,0.7,"% variacion mensual del IPC (BCRA 'Principales Variables' id 27 'Inflacion mensual', serie historica empalmada de INDEC, via thomasriveros/BCRA_Data)",bcra_data_inflacion_mensual
1947-03-01,6.1,"% variacion mensual del IPC (BCRA 'Principales Variables' id 27 'Inflacion mensual', serie historica empalmada de INDEC, via thomasriveros/BCRA_Data)",bcra_data_inflacion_mensual
1947-04-01,0.1,"% variacion mensual del IPC (BCRA 'Principales Variables' id 27 'Inflacion mensual', serie historica empalmada de INDEC, via thomasriveros/BCRA_Data)",bcra_data_inflacion_mensual
1947-05-01,0.1,"% variacion mensual del IPC (BCRA 'Principales Variables' id 27 'Inflacion mensual', serie historica empalmada de INDEC, via thomasriveros/BCRA_Data)",bcra_data_inflacion_mensual
1947-06-01,4.7,"% variacion mensual del IPC (BCRA 'Principales Variables' id 27 'Inflacion mensual', serie historica empalmada de INDEC, via thomasriveros/BCRA_Data)",bcra_data_inflacion_mensual
1947-07-01,-1.1,"% variacion mensual del IPC (BCRA 'Principales Variables' id 27 'Inflacion mensual', serie historica empalmada de INDEC, via thomasriveros/BCRA_Data)",bcra_data_inflacion_mensual
1947-08-01,0.9,"% variacion mensual del IPC (BCRA 'Principales Variables' id 27 'Inflacion mensual', serie historica empalmada de INDEC, via thomasriveros/BCRA_Data)",bcra_data_inflacion_mensual
1947-09-01,0.1,"% variacion mensual del IPC (BCRA 'Principales Variables' id 27 'Inflacion mensual', serie historica empalmada de INDEC, via thomasriveros/BCRA_Data)",bcra_data_inflacion_mensual
1947-10-01,-0.5,"% variacion mensual del IPC (BCRA 'Principales Variables' id 27 'Inflacion mensual', serie historica empalmada de INDEC, via thomasriveros/BCRA_Data)",bcra_data_inflacion_mensual
1947-11-01,0.9,"% variacion mensual del IPC (BCRA 'Principales Variables' id 27 'Inflacion mensual', serie historica empalmada de INDEC, via thomasriveros/BCRA_Data)",bcra_data_inflacion_mensual
1947-12-01,3.2,"% variacion mensual del IPC (BCRA 'Principales Variables' id 27 'Inflacion mensual', serie historica empalmada de INDEC, via thomasriveros/BCRA_Data)",bcra_data_inflacion_mensual
1948-01-01,-1.6,"% variacion mensual del IPC (BCRA 'Principales Variables' id 27 'Inflacion mensual', serie historica empalmada de INDEC, via thomasriveros/BCRA_Data)",bcra_data_inflacion_mensual
1948-02-01,-0.3,"% variacion mensual del IPC (BCRA 'Principales Variables' id 27 'Inflacion mensual', serie historica empalmada de INDEC, via thomasriveros/BCRA_Data)",bcra_data_inflacion_mensual
1948-03-01,1.8,"% variacion mensual del IPC (BCRA 'Principales Variables' id 27 'Inflacion mensual', serie historica empalmada de INDEC, via thomasriveros/BCRA_Data)",bcra_data_inflacion_mensual
1948-04-01,0.6,"% variacion mensual del IPC (BCRA 'Principales Variables' id 27 'Inflacion mensual', serie historica empalmada de INDEC, via thomasriveros/BCRA_Data)",bcra_data_inflacion_mensual
1948-05-01,2.5,"% variacion mensual del IPC (BCRA 'Principales Variables' id 27 'Inflacion mensual', serie historica empalmada de INDEC, via thomasriveros/BCRA_Data)",bcra_data_inflacion_mensual
1948-06-01,2.9,"% variacion mensual del IPC (BCRA 'Principales Variables' id 27 'Inflacion mensual', serie historica empalmada de INDEC, via thomasriveros/BCRA_Data)",bcra_data_inflacion_mensual
1948-07-01,-0.2,"% variacion mensual del IPC (BCRA 'Principales Variables' id 27 'Inflacion mensual', serie historica empalmada de INDEC, via thomasriveros/BCRA_Data)",bcra_data_inflacion_mensual
1948-08-01,2.1,"% variacion mensual del IPC (BCRA 'Principales Variables' id 27 'Inflacion mensual', serie historica empalmada de INDEC, via thomasriveros/BCRA_Data)",bcra_data_inflacion_mensual
1948-09-01,4.1,"% variacion mensual del IPC (BCRA 'Principales Variables' id 27 'Inflacion mensual', serie historica empalmada de INDEC, via thomasriveros/BCRA_Data)",bcra_data_inflacion_mensual
1948-10-01,0.3,"% variacion mensual del IPC (BCRA 'Principales Variables' id 27 'Inflacion mensual', serie historica empalmada de INDEC, via thomasriveros/BCRA_Data)",bcra_data_inflacion_mensual
1948-11-01,0.2,"% variacion mensual del IPC (BCRA 'Principales Variables' id 27 'Inflacion mensual', serie historica empalmada de INDEC, via thomasriveros/BCRA_Data)",bcra_data_inflacion_mensual
1948-12-01,5.3,"% variacion mensual del IPC (BCRA 'Principales Variables' id 27 'Inflacion mensual', serie historica empalmada de INDEC, via thomasriveros/BCRA_Data)",bcra_data_inflacion_mensual
1949-01-01,0.5,"% variacion mensual del IPC (BCRA 'Principales Variables' id 27 'Inflacion mensual', serie historica empalmada de INDEC, via thomasriveros/BCRA_Data)",bcra_data_inflacion_mensual
1949-02-01,-0.3,"% variacion mensual del IPC (BCRA 'Principales Variables' id 27 'Inflacion mensual', serie historica empalmada de INDEC, via thomasriveros/BCRA_Data)",bcra_data_inflacion_mensual
1949-03-01,6.8,"% variacion mensual del IPC (BCRA 'Principales Variables' id 27 'Inflacion mensual', serie historica empalmada de INDEC, via thomasriveros/BCRA_Data)",bcra_data_inflacion_mensual
1949-04-01,4.9,"% variacion mensual del IPC (BCRA 'Principales Variables' id 27 'Inflacion mensual', serie historica empalmada de INDEC, via thomasriveros/BCRA_Data)",bcra_data_inflacion_mensual
1949-05-01,2.9,"% variacion mensual del IPC (BCRA 'Principales Variables' id 27 'Inflacion mensual', serie historica empalmada de INDEC, via thomasriveros/BCRA_Data)",bcra_data_inflacion_mensual
1949-06-01,1.2,"% variacion mensual del IPC (BCRA 'Principales Variables' id 27 'Inflacion mensual', serie historica empalmada de INDEC, via thomasriveros/BCRA_Data)",bcra_data_inflacion_mensual
1949-07-01,1.9,"% variacion mensual del IPC (BCRA 'Principales Variables' id 27 'Inflacion mensual', serie historica empalmada de INDEC, via thomasriveros/BCRA_Data)",bcra_data_inflacion_mensual
1949-08-01,1.7,"% variacion mensual del IPC (BCRA 'Principales Variables' id 27 'Inflacion mensual', serie historica empalmada de INDEC, via thomasriveros/BCRA_Data)",bcra_data_inflacion_mensual
1949-09-01,1.6,"% variacion mensual del IPC (BCRA 'Principales Variables' id 27 'Inflacion mensual', serie historica empalmada de INDEC, via thomasriveros/BCRA_Data)",bcra_data_inflacion_mensual
1949-10-01,2.7,"% variacion mensual del IPC (BCRA 'Principales Variables' id 27 'Inflacion mensual', serie historica empalmada de INDEC, via thomasriveros/BCRA_Data)",bcra_data_inflacion_mensual
1949-11-01,3.2,"% variacion mensual del IPC (BCRA 'Principales Variables' id 27 'Inflacion mensual', serie historica empalmada de INDEC, via thomasriveros/BCRA_Data)",bcra_data_inflacion_mensual
1949-12-01,2.4,"% variacion mensual del IPC (BCRA 'Principales Variables' id 27 'Inflacion mensual', serie historica empalmada de INDEC, via thomasriveros/BCRA_Data)",bcra_data_inflacion_mensual
1950-01-01,-1.8,"% variacion mensual del IPC (BCRA 'Principales Variables' id 27 'Inflacion mensual', serie historica empalmada de INDEC, via thomasriveros/BCRA_Data)",bcra_data_inflacion_mensual
1950-02-01,2.6,"% variacion mensual del IPC (BCRA 'Principales Variables' id 27 'Inflacion mensual', serie historica empalmada de INDEC, via thomasriveros/BCRA_Data)",bcra_data_inflacion_mensual
1950-03-01,0,"% variacion mensual del IPC (BCRA 'Principales Variables' id 27 'Inflacion mensual', serie historica empalmada de INDEC, via thomasriveros/BCRA_Data)",bcra_data_inflacion_mensual
1950-04-01,2.2,"% variacion mensual del IPC (BCRA 'Principales Variables' id 27 'Inflacion mensual', serie historica empalmada de INDEC, via thomasriveros/BCRA_Data)",bcra_data_inflacion_mensual
1950-05-01,4.8,"% variacion mensual del IPC (BCRA 'Principales Variables' id 27 'Inflacion mensual', serie historica empalmada de INDEC, via thomasriveros/BCRA_Data)",bcra_data_inflacion_mensual
1950-06-01,2.9,"% variacion mensual del IPC (BCRA 'Principales Variables' id 27 'Inflacion mensual', serie historica empalmada de INDEC, via thomasriveros/BCRA_Data)",bcra_data_inflacion_mensual
1950-07-01,0,"% variacion mensual del IPC (BCRA 'Principales Variables' id 27 'Inflacion mensual', serie historica empalmada de INDEC, via thomasriveros/BCRA_Data)",bcra_data_inflacion_mensual
1950-08-01,0.2,"% variacion mensual del IPC (BCRA 'Principales Variables' id 27 'Inflacion mensual', serie historica empalmada de INDEC, via thomasriveros/BCRA_Data)",bcra_data_inflacion_mensual
1950-09-01,4,"% variacion mensual del IPC (BCRA 'Principales Variables' id 27 'Inflacion mensual', serie historica empalmada de INDEC, via thomasriveros/BCRA_Data)",bcra_data_inflacion_mensual
1950-10-01,3.8,"% variacion mensual del IPC (BCRA 'Principales Variables' id 27 'Inflacion mensual', serie historica empalmada de INDEC, via thomasriveros/BCRA_Data)",bcra_data_inflacion_mensual
1950-11-01,-0.2,"% variacion mensual del IPC (BCRA 'Principales Variables' id 27 'Inflacion mensual', serie historica empalmada de INDEC, via thomasriveros/BCRA_Data)",bcra_data_inflacion_mensual
1950-12-01,2,"% variacion mensual del IPC (BCRA 'Principales Variables' id 27 'Inflacion mensual', serie historica empalmada de INDEC, via thomasriveros/BCRA_Data)",bcra_data_inflacion_mensual
1951-01-01,-1,"% variacion mensual del IPC (BCRA 'Principales Variables' id 27 'Inflacion mensual', serie historica empalmada de INDEC, via thomasriveros/BCRA_Data)",bcra_data_inflacion_mensual
1951-02-01,2.9,"% variacion mensual del IPC (BCRA 'Principales Variables' id 27 'Inflacion mensual', serie historica empalmada de INDEC, via thomasriveros/BCRA_Data)",bcra_data_inflacion_mensual
1951-03-01,0.3,"% variacion mensual del IPC (BCRA 'Principales Variables' id 27 'Inflacion mensual', serie historica empalmada de INDEC, via thomasriveros/BCRA_Data)",bcra_data_inflacion_mensual
1951-04-01,9,"% variacion mensual del IPC (BCRA 'Principales Variables' id 27 'Inflacion mensual', serie historica empalmada de INDEC, via thomasriveros/BCRA_Data)",bcra_data_inflacion_mensual
1951-05-01,7.5,"% variacion mensual del IPC (BCRA 'Principales Variables' id 27 'Inflacion mensual', serie historica empalmada de INDEC, via thomasriveros/BCRA_Data)",bcra_data_inflacion_mensual
1951-06-01,3.3,"% variacion mensual del IPC (BCRA 'Principales Variables' id 27 'Inflacion mensual', serie historica empalmada de INDEC, via thomasriveros/BCRA_Data)",bcra_data_inflacion_mensual
1951-07-01,0.8,"% variacion mensual del IPC (BCRA 'Principales Variables' id 27 'Inflacion mensual', serie historica empalmada de INDEC, via thomasriveros/BCRA_Data)",bcra_data_inflacion_mensual
1951-08-01,9.3,"% variacion mensual del IPC (BCRA 'Principales Variables' id 27 'Inflacion mensual', serie historica empalmada de INDEC, via thomasriveros/BCRA_Data)",bcra_data_inflacion_mensual
1951-09-01,-1.9,"% variacion mensual del IPC (BCRA 'Principales Variables' id 27 'Inflacion mensual', serie historica empalmada de INDEC, via thomasriveros/BCRA_Data)",bcra_data_inflacion_mensual
1951-10-01,3,"% variacion mensual del IPC (BCRA 'Principales Variables' id 27 'Inflacion mensual', serie historica empalmada de INDEC, via thomasriveros/BCRA_Data)",bcra_data_inflacion_mensual
1951-11-01,0.3,"% variacion mensual del IPC (BCRA 'Principales Variables' id 27 'Inflacion mensual', serie historica empalmada de INDEC, via thomasriveros/BCRA_Data)",bcra_data_inflacion_mensual
1951-12-01,8.7,"% variacion mensual del IPC (BCRA 'Principales Variables' id 27 'Inflacion mensual', serie historica empalmada de INDEC, via thomasriveros/BCRA_Data)",bcra_data_inflacion_mensual
1952-01-01,3.9,"% variacion mensual del IPC (BCRA 'Principales Variables' id 27 'Inflacion mensual', serie historica empalmada de INDEC, via thomasriveros/BCRA_Data)",bcra_data_inflacion_mensual
1952-02-01,0.7,"% variacion mensual del IPC (BCRA 'Principales Variables' id 27 'Inflacion mensual', serie historica empalmada de INDEC, via thomasriveros/BCRA_Data)",bcra_data_inflacion_mensual
1952-03-01,2.9,"% variacion mensual del IPC (BCRA 'Principales Variables' id 27 'Inflacion mensual', serie historica empalmada de INDEC, via thomasriveros/BCRA_Data)",bcra_data_inflacion_mensual
1952-04-01,6.2,"% variacion mensual del IPC (BCRA 'Principales Variables' id 27 'Inflacion mensual', serie historica empalmada de INDEC, via thomasriveros/BCRA_Data)",bcra_data_inflacion_mensual
1952-05-01,1.6,"% variacion mensual del IPC (BCRA 'Principales Variables' id 27 'Inflacion mensual', serie historica empalmada de INDEC, via thomasriveros/BCRA_Data)",bcra_data_inflacion_mensual
1952-06-01,2.1,"% variacion mensual del IPC (BCRA 'Principales Variables' id 27 'Inflacion mensual', serie historica empalmada de INDEC, via thomasriveros/BCRA_Data)",bcra_data_inflacion_mensual
1952-07-01,-4.1,"% variacion mensual del IPC (BCRA 'Principales Variables' id 27 'Inflacion mensual', serie historica empalmada de INDEC, via thomasriveros/BCRA_Data)",bcra_data_inflacion_mensual
1952-08-01,-0.4,"% variacion mensual del IPC (BCRA 'Principales Variables' id 27 'Inflacion mensual', serie historica empalmada de INDEC, via thomasriveros/BCRA_Data)",bcra_data_inflacion_mensual
1952-09-01,3.4,"% variacion mensual del IPC (BCRA 'Principales Variables' id 27 'Inflacion mensual', serie historica empalmada de INDEC, via thomasriveros/BCRA_Data)",bcra_data_inflacion_mensual
1952-10-01,1,"% variacion mensual del IPC (BCRA 'Principales Variables' id 27 'Inflacion mensual', serie historica empalmada de INDEC, via thomasriveros/BCRA_Data)",bcra_data_inflacion_mensual
1952-11-01,0.3,"% variacion mensual del IPC (BCRA 'Principales Variables' id 27 'Inflacion mensual', serie historica empalmada de INDEC, via thomasriveros/BCRA_Data)",bcra_data_inflacion_mensual
1952-12-01,0.4,"% variacion mensual del IPC (BCRA 'Principales Variables' id 27 'Inflacion mensual', serie historica empalmada de INDEC, via thomasriveros/BCRA_Data)",bcra_data_inflacion_mensual
1953-01-01,-1.3,"% variacion mensual del IPC (BCRA 'Principales Variables' id 27 'Inflacion mensual', serie historica empalmada de INDEC, via thomasriveros/BCRA_Data)",bcra_data_inflacion_mensual
1953-02-01,5.8,"% variacion mensual del IPC (BCRA 'Principales Variables' id 27 'Inflacion mensual', serie historica empalmada de INDEC, via thomasriveros/BCRA_Data)",bcra_data_inflacion_mensual
1953-03-01,-0.5,"% variacion mensual del IPC (BCRA 'Principales Variables' id 27 'Inflacion mensual', serie historica empalmada de INDEC, via thomasriveros/BCRA_Data)",bcra_data_inflacion_mensual
1953-04-01,-4.2,"% variacion mensual del IPC (BCRA 'Principales Variables' id 27 'Inflacion mensual', serie historica empalmada de INDEC, via thomasriveros/BCRA_Data)",bcra_data_inflacion_mensual
1953-05-01,-1.6,"% variacion mensual del IPC (BCRA 'Principales Variables' id 27 'Inflacion mensual', serie historica empalmada de INDEC, via thomasriveros/BCRA_Data)",bcra_data_inflacion_mensual
1953-06-01,-0.2,"% variacion mensual del IPC (BCRA 'Principales Variables' id 27 'Inflacion mensual', serie historica empalmada de INDEC, via thomasriveros/BCRA_Data)",bcra_data_inflacion_mensual
1953-07-01,0.8,"% variacion mensual del IPC (BCRA 'Principales Variables' id 27 'Inflacion mensual', serie historica empalmada de INDEC, via thomasriveros/BCRA_Data)",bcra_data_inflacion_mensual
1953-08-01,0.1,"% variacion mensual del IPC (BCRA 'Principales Variables' id 27 'Inflacion mensual', serie historica empalmada de INDEC, via thomasriveros/BCRA_Data)",bcra_data_inflacion_mensual
1953-09-01,-0.7,"% variacion mensual del IPC (BCRA 'Principales Variables' id 27 'Inflacion mensual', serie historica empalmada de INDEC, via thomasriveros/BCRA_Data)",bcra_data_inflacion_mensual
1953-10-01,-0.4,"% variacion mensual del IPC (BCRA 'Principales Variables' id 27 'Inflacion mensual', serie historica empalmada de INDEC, via thomasriveros/BCRA_Data)",bcra_data_inflacion_mensual
1953-11-01,0.7,"% variacion mensual del IPC (BCRA 'Principales Variables' id 27 'Inflacion mensual', serie historica empalmada de INDEC, via thomasriveros/BCRA_Data)",bcra_data_inflacion_mensual
1953-12-01,1.1,"% variacion mensual del IPC (BCRA 'Principales Variables' id 27 'Inflacion mensual', serie historica empalmada de INDEC, via thomasriveros/BCRA_Data)",bcra_data_inflacion_mensual
1954-01-01,-2,"% variacion mensual del IPC (BCRA 'Principales Variables' id 27 'Inflacion mensual', serie historica empalmada de INDEC, via thomasriveros/BCRA_Data)",bcra_data_inflacion_mensual
1954-02-01,-0.2,"% variacion mensual del IPC (BCRA 'Principales Variables' id 27 'Inflacion mensual', serie historica empalmada de INDEC, via thomasriveros/BCRA_Data)",bcra_data_inflacion_mensual
1954-03-01,0.2,"% variacion mensual del IPC (BCRA 'Principales Variables' id 27 'Inflacion mensual', serie historica empalmada de INDEC, via thomasriveros/BCRA_Data)",bcra_data_inflacion_mensual
1954-04-01,2.1,"% variacion mensual del IPC (BCRA 'Principales Variables' id 27 'Inflacion mensual', serie historica empalmada de INDEC, via thomasriveros/BCRA_Data)",bcra_data_inflacion_mensual
1954-05-01,-0.2,"% variacion mensual del IPC (BCRA 'Principales Variables' id 27 'Inflacion mensual', serie historica empalmada de INDEC, via thomasriveros/BCRA_Data)",bcra_data_inflacion_mensual
1954-06-01,1.6,"% variacion mensual del IPC (BCRA 'Principales Variables' id 27 'Inflacion mensual', serie historica empalmada de INDEC, via thomasriveros/BCRA_Data)",bcra_data_inflacion_mensual
1954-07-01,2.2,"% variacion mensual del IPC (BCRA 'Principales Variables' id 27 'Inflacion mensual', serie historica empalmada de INDEC, via thomasriveros/BCRA_Data)",bcra_data_inflacion_mensual
1954-08-01,0.7,"% variacion mensual del IPC (BCRA 'Principales Variables' id 27 'Inflacion mensual', serie historica empalmada de INDEC, via thomasriveros/BCRA_Data)",bcra_data_inflacion_mensual
1954-09-01,2.4,"% variacion mensual del IPC (BCRA 'Principales Variables' id 27 'Inflacion mensual', serie historica empalmada de INDEC, via thomasriveros/BCRA_Data)",bcra_data_inflacion_mensual
1954-10-01,2.9,"% variacion mensual del IPC (BCRA 'Principales Variables' id 27 'Inflacion mensual', serie historica empalmada de INDEC, via thomasriveros/BCRA_Data)",bcra_data_inflacion_mensual
1954-11-01,1,"% variacion mensual del IPC (BCRA 'Principales Variables' id 27 'Inflacion mensual', serie historica empalmada de INDEC, via thomasriveros/BCRA_Data)",bcra_data_inflacion_mensual
1954-12-01,4.4,"% variacion mensual del IPC (BCRA 'Principales Variables' id 27 'Inflacion mensual', serie historica empalmada de INDEC, via thomasriveros/BCRA_Data)",bcra_data_inflacion_mensual
1955-01-01,-2.2,"% variacion mensual del IPC (BCRA 'Principales Variables' id 27 'Inflacion mensual', serie historica empalmada de INDEC, via thomasriveros/BCRA_Data)",bcra_data_inflacion_mensual
1955-02-01,0.1,"% variacion mensual del IPC (BCRA 'Principales Variables' id 27 'Inflacion mensual', serie historica empalmada de INDEC, via thomasriveros/BCRA_Data)",bcra_data_inflacion_mensual
1955-03-01,0.1,"% variacion mensual del IPC (BCRA 'Principales Variables' id 27 'Inflacion mensual', serie historica empalmada de INDEC, via thomasriveros/BCRA_Data)",bcra_data_inflacion_mensual
1955-04-01,1.4,"% variacion mensual del IPC (BCRA 'Principales Variables' id 27 'Inflacion mensual', serie historica empalmada de INDEC, via thomasriveros/BCRA_Data)",bcra_data_inflacion_mensual
1955-05-01,0.1,"% variacion mensual del IPC (BCRA 'Principales Variables' id 27 'Inflacion mensual', serie historica empalmada de INDEC, via thomasriveros/BCRA_Data)",bcra_data_inflacion_mensual
1955-06-01,0.6,"% variacion mensual del IPC (BCRA 'Principales Variables' id 27 'Inflacion mensual', serie historica empalmada de INDEC, via thomasriveros/BCRA_Data)",bcra_data_inflacion_mensual
1955-07-01,0.4,"% variacion mensual del IPC (BCRA 'Principales Variables' id 27 'Inflacion mensual', serie historica empalmada de INDEC, via thomasriveros/BCRA_Data)",bcra_data_inflacion_mensual
1955-08-01,0.3,"% variacion mensual del IPC (BCRA 'Principales Variables' id 27 'Inflacion mensual', serie historica empalmada de INDEC, via thomasriveros/BCRA_Data)",bcra_data_inflacion_mensual
1955-09-01,0.7,"% variacion mensual del IPC (BCRA 'Principales Variables' id 27 'Inflacion mensual', serie historica empalmada de INDEC, via thomasriveros/BCRA_Data)",bcra_data_inflacion_mensual
1955-10-01,-0.1,"% variacion mensual del IPC (BCRA 'Principales Variables' id 27 'Inflacion mensual', serie historica empalmada de INDEC, via thomasriveros/BCRA_Data)",bcra_data_inflacion_mensual
1955-11-01,0,"% variacion mensual del IPC (BCRA 'Principales Variables' id 27 'Inflacion mensual', serie historica empalmada de INDEC, via thomasriveros/BCRA_Data)",bcra_data_inflacion_mensual
1955-12-01,5.7,"% variacion mensual del IPC (BCRA 'Principales Variables' id 27 'Inflacion mensual', serie historica empalmada de INDEC, via thomasriveros/BCRA_Data)",bcra_data_inflacion_mensual
1956-01-01,-1.3,"% variacion mensual del IPC (BCRA 'Principales Variables' id 27 'Inflacion mensual', serie historica empalmada de INDEC, via thomasriveros/BCRA_Data)",bcra_data_inflacion_mensual
1956-02-01,-0.8,"% variacion mensual del IPC (BCRA 'Principales Variables' id 27 'Inflacion mensual', serie historica empalmada de INDEC, via thomasriveros/BCRA_Data)",bcra_data_inflacion_mensual
1956-03-01,-0.2,"% variacion mensual del IPC (BCRA 'Principales Variables' id 27 'Inflacion mensual', serie historica empalmada de INDEC, via thomasriveros/BCRA_Data)",bcra_data_inflacion_mensual
1956-04-01,3.5,"% variacion mensual del IPC (BCRA 'Principales Variables' id 27 'Inflacion mensual', serie historica empalmada de INDEC, via thomasriveros/BCRA_Data)",bcra_data_inflacion_mensual
1956-05-01,3.8,"% variacion mensual del IPC (BCRA 'Principales Variables' id 27 'Inflacion mensual', serie historica empalmada de INDEC, via thomasriveros/BCRA_Data)",bcra_data_inflacion_mensual
1956-06-01,3.9,"% variacion mensual del IPC (BCRA 'Principales Variables' id 27 'Inflacion mensual', serie historica empalmada de INDEC, via thomasriveros/BCRA_Data)",bcra_data_inflacion_mensual
1956-07-01,-0.5,"% variacion mensual del IPC (BCRA 'Principales Variables' id 27 'Inflacion mensual', serie historica empalmada de INDEC, via thomasriveros/BCRA_Data)",bcra_data_inflacion_mensual
1956-08-01,-0.5,"% variacion mensual del IPC (BCRA 'Principales Variables' id 27 'Inflacion mensual', serie historica empalmada de INDEC, via thomasriveros/BCRA_Data)",bcra_data_inflacion_mensual
1956-09-01,0.6,"% variacion mensual del IPC (BCRA 'Principales Variables' id 27 'Inflacion mensual', serie historica empalmada de INDEC, via thomasriveros/BCRA_Data)",bcra_data_inflacion_mensual
1956-10-01,1.3,"% variacion mensual del IPC (BCRA 'Principales Variables' id 27 'Inflacion mensual', serie historica empalmada de INDEC, via thomasriveros/BCRA_Data)",bcra_data_inflacion_mensual
1956-11-01,1.5,"% variacion mensual del IPC (BCRA 'Principales Variables' id 27 'Inflacion mensual', serie historica empalmada de INDEC, via thomasriveros/BCRA_Data)",bcra_data_inflacion_mensual
1956-12-01,4.4,"% variacion mensual del IPC (BCRA 'Principales Variables' id 27 'Inflacion mensual', serie historica empalmada de INDEC, via thomasriveros/BCRA_Data)",bcra_data_inflacion_mensual
1957-01-01,-1.1,"% variacion mensual del IPC (BCRA 'Principales Variables' id 27 'Inflacion mensual', serie historica empalmada de INDEC, via thomasriveros/BCRA_Data)",bcra_data_inflacion_mensual
1957-02-01,0.8,"% variacion mensual del IPC (BCRA 'Principales Variables' id 27 'Inflacion mensual', serie historica empalmada de INDEC, via thomasriveros/BCRA_Data)",bcra_data_inflacion_mensual
1957-03-01,3.6,"% variacion mensual del IPC (BCRA 'Principales Variables' id 27 'Inflacion mensual', serie historica empalmada de INDEC, via thomasriveros/BCRA_Data)",bcra_data_inflacion_mensual
1957-04-01,2.7,"% variacion mensual del IPC (BCRA 'Principales Variables' id 27 'Inflacion mensual', serie historica empalmada de INDEC, via thomasriveros/BCRA_Data)",bcra_data_inflacion_mensual
1957-05-01,2.8,"% variacion mensual del IPC (BCRA 'Principales Variables' id 27 'Inflacion mensual', serie historica empalmada de INDEC, via thomasriveros/BCRA_Data)",bcra_data_inflacion_mensual
1957-06-01,3.8,"% variacion mensual del IPC (BCRA 'Principales Variables' id 27 'Inflacion mensual', serie historica empalmada de INDEC, via thomasriveros/BCRA_Data)",bcra_data_inflacion_mensual
1957-07-01,1.8,"% variacion mensual del IPC (BCRA 'Principales Variables' id 27 'Inflacion mensual', serie historica empalmada de INDEC, via thomasriveros/BCRA_Data)",bcra_data_inflacion_mensual
1957-08-01,5.4,"% variacion mensual del IPC (BCRA 'Principales Variables' id 27 'Inflacion mensual', serie historica empalmada de INDEC, via thomasriveros/BCRA_Data)",bcra_data_inflacion_mensual
1957-09-01,-0.2,"% variacion mensual del IPC (BCRA 'Principales Variables' id 27 'Inflacion mensual', serie historica empalmada de INDEC, via thomasriveros/BCRA_Data)",bcra_data_inflacion_mensual
1957-10-01,1.1,"% variacion mensual del IPC (BCRA 'Principales Variables' id 27 'Inflacion mensual', serie historica empalmada de INDEC, via thomasriveros/BCRA_Data)",bcra_data_inflacion_mensual
1957-11-01,2.5,"% variacion mensual del IPC (BCRA 'Principales Variables' id 27 'Inflacion mensual', serie historica empalmada de INDEC, via thomasriveros/BCRA_Data)",bcra_data_inflacion_mensual
1957-12-01,0,"% variacion mensual del IPC (BCRA 'Principales Variables' id 27 'Inflacion mensual', serie historica empalmada de INDEC, via thomasriveros/BCRA_Data)",bcra_data_inflacion_mensual
1958-01-01,-2.6,"% variacion mensual del IPC (BCRA 'Principales Variables' id 27 'Inflacion mensual', serie historica empalmada de INDEC, via thomasriveros/BCRA_Data)",bcra_data_inflacion_mensual
1958-02-01,1.4,"% variacion mensual del IPC (BCRA 'Principales Variables' id 27 'Inflacion mensual', serie historica empalmada de INDEC, via thomasriveros/BCRA_Data)",bcra_data_inflacion_mensual
1958-03-01,1.7,"% variacion mensual del IPC (BCRA 'Principales Variables' id 27 'Inflacion mensual', serie historica empalmada de INDEC, via thomasriveros/BCRA_Data)",bcra_data_inflacion_mensual
1958-04-01,4.3,"% variacion mensual del IPC (BCRA 'Principales Variables' id 27 'Inflacion mensual', serie historica empalmada de INDEC, via thomasriveros/BCRA_Data)",bcra_data_inflacion_mensual
1958-05-01,6.5,"% variacion mensual del IPC (BCRA 'Principales Variables' id 27 'Inflacion mensual', serie historica empalmada de INDEC, via thomasriveros/BCRA_Data)",bcra_data_inflacion_mensual
1958-06-01,4.4,"% variacion mensual del IPC (BCRA 'Principales Variables' id 27 'Inflacion mensual', serie historica empalmada de INDEC, via thomasriveros/BCRA_Data)",bcra_data_inflacion_mensual
1958-07-01,3.6,"% variacion mensual del IPC (BCRA 'Principales Variables' id 27 'Inflacion mensual', serie historica empalmada de INDEC, via thomasriveros/BCRA_Data)",bcra_data_inflacion_mensual
1958-08-01,4.6,"% variacion mensual del IPC (BCRA 'Principales Variables' id 27 'Inflacion mensual', serie historica empalmada de INDEC, via thomasriveros/BCRA_Data)",bcra_data_inflacion_mensual
1958-09-01,1.9,"% variacion mensual del IPC (BCRA 'Principales Variables' id 27 'Inflacion mensual', serie historica empalmada de INDEC, via thomasriveros/BCRA_Data)",bcra_data_inflacion_mensual
1958-10-01,3,"% variacion mensual del IPC (BCRA 'Principales Variables' id 27 'Inflacion mensual', serie historica empalmada de INDEC, via thomasriveros/BCRA_Data)",bcra_data_inflacion_mensual
1958-11-01,5.1,"% variacion mensual del IPC (BCRA 'Principales Variables' id 27 'Inflacion mensual', serie historica empalmada de INDEC, via thomasriveros/BCRA_Data)",bcra_data_inflacion_mensual
1958-12-01,8.4,"% variacion mensual del IPC (BCRA 'Principales Variables' id 27 'Inflacion mensual', serie historica empalmada de INDEC, via thomasriveros/BCRA_Data)",bcra_data_inflacion_mensual
1959-01-01,17.8,"% variacion mensual del IPC (BCRA 'Principales Variables' id 27 'Inflacion mensual', serie historica empalmada de INDEC, via thomasriveros/BCRA_Data)",bcra_data_inflacion_mensual
1959-02-01,9.1,"% variacion mensual del IPC (BCRA 'Principales Variables' id 27 'Inflacion mensual', serie historica empalmada de INDEC, via thomasriveros/BCRA_Data)",bcra_data_inflacion_mensual
1959-03-01,7.3,"% variacion mensual del IPC (BCRA 'Principales Variables' id 27 'Inflacion mensual', serie historica empalmada de INDEC, via thomasriveros/BCRA_Data)",bcra_data_inflacion_mensual
1959-04-01,8.3,"% variacion mensual del IPC (BCRA 'Principales Variables' id 27 'Inflacion mensual', serie historica empalmada de INDEC, via thomasriveros/BCRA_Data)",bcra_data_inflacion_mensual
1959-05-01,10.4,"% variacion mensual del IPC (BCRA 'Principales Variables' id 27 'Inflacion mensual', serie historica empalmada de INDEC, via thomasriveros/BCRA_Data)",bcra_data_inflacion_mensual
1959-06-01,6.3,"% variacion mensual del IPC (BCRA 'Principales Variables' id 27 'Inflacion mensual', serie historica empalmada de INDEC, via thomasriveros/BCRA_Data)",bcra_data_inflacion_mensual
1959-07-01,3.1,"% variacion mensual del IPC (BCRA 'Principales Variables' id 27 'Inflacion mensual', serie historica empalmada de INDEC, via thomasriveros/BCRA_Data)",bcra_data_inflacion_mensual
1959-08-01,3.8,"% variacion mensual del IPC (BCRA 'Principales Variables' id 27 'Inflacion mensual', serie historica empalmada de INDEC, via thomasriveros/BCRA_Data)",bcra_data_inflacion_mensual
1959-09-01,1.8,"% variacion mensual del IPC (BCRA 'Principales Variables' id 27 'Inflacion mensual', serie historica empalmada de INDEC, via thomasriveros/BCRA_Data)",bcra_data_inflacion_mensual
1959-10-01,0.6,"% variacion mensual del IPC (BCRA 'Principales Variables' id 27 'Inflacion mensual', serie historica empalmada de INDEC, via thomasriveros/BCRA_Data)",bcra_data_inflacion_mensual
1959-11-01,2.1,"% variacion mensual del IPC (BCRA 'Principales Variables' id 27 'Inflacion mensual', serie historica empalmada de INDEC, via thomasriveros/BCRA_Data)",bcra_data_inflacion_mensual
1959-12-01,2.9,"% variacion mensual del IPC (BCRA 'Principales Variables' id 27 'Inflacion mensual', serie historica empalmada de INDEC, via thomasriveros/BCRA_Data)",bcra_data_inflacion_mensual
1960-01-01,2.7,"% variacion mensual del IPC (BCRA 'Principales Variables' id 27 'Inflacion mensual', serie historica empalmada de INDEC, via thomasriveros/BCRA_Data)",bcra_data_inflacion_mensual
1960-02-01,0.8,"% variacion mensual del IPC (BCRA 'Principales Variables' id 27 'Inflacion mensual', serie historica empalmada de INDEC, via thomasriveros/BCRA_Data)",bcra_data_inflacion_mensual
1960-03-01,0.7,"% variacion mensual del IPC (BCRA 'Principales Variables' id 27 'Inflacion mensual', serie historica empalmada de INDEC, via thomasriveros/BCRA_Data)",bcra_data_inflacion_mensual
1960-04-01,-0.1,"% variacion mensual del IPC (BCRA 'Principales Variables' id 27 'Inflacion mensual', serie historica empalmada de INDEC, via thomasriveros/BCRA_Data)",bcra_data_inflacion_mensual
1960-05-01,-0.2,"% variacion mensual del IPC (BCRA 'Principales Variables' id 27 'Inflacion mensual', serie historica empalmada de INDEC, via thomasriveros/BCRA_Data)",bcra_data_inflacion_mensual
1960-06-01,-0.5,"% variacion mensual del IPC (BCRA 'Principales Variables' id 27 'Inflacion mensual', serie historica empalmada de INDEC, via thomasriveros/BCRA_Data)",bcra_data_inflacion_mensual
1960-07-01,0.9,"% variacion mensual del IPC (BCRA 'Principales Variables' id 27 'Inflacion mensual', serie historica empalmada de INDEC, via thomasriveros/BCRA_Data)",bcra_data_inflacion_mensual
1960-08-01,0.5,"% variacion mensual del IPC (BCRA 'Principales Variables' id 27 'Inflacion mensual', serie historica empalmada de INDEC, via thomasriveros/BCRA_Data)",bcra_data_inflacion_mensual
1960-09-01,0.1,"% variacion mensual del IPC (BCRA 'Principales Variables' id 27 'Inflacion mensual', serie historica empalmada de INDEC, via thomasriveros/BCRA_Data)",bcra_data_inflacion_mensual
1960-10-01,0.8,"% variacion mensual del IPC (BCRA 'Principales Variables' id 27 'Inflacion mensual', serie historica empalmada de INDEC, via thomasriveros/BCRA_Data)",bcra_data_inflacion_mensual
1960-11-01,2.5,"% variacion mensual del IPC (BCRA 'Principales Variables' id 27 'Inflacion mensual', serie historica empalmada de INDEC, via thomasriveros/BCRA_Data)",bcra_data_inflacion_mensual
1960-12-01,9.2,"% variacion mensual del IPC (BCRA 'Principales Variables' id 27 'Inflacion mensual', serie historica empalmada de INDEC, via thomasriveros/BCRA_Data)",bcra_data_inflacion_mensual
1961-01-01,-6.1,"% variacion mensual del IPC (BCRA 'Principales Variables' id 27 'Inflacion mensual', serie historica empalmada de INDEC, via thomasriveros/BCRA_Data)",bcra_data_inflacion_mensual
1961-02-01,1.2,"% variacion mensual del IPC (BCRA 'Principales Variables' id 27 'Inflacion mensual', serie historica empalmada de INDEC, via thomasriveros/BCRA_Data)",bcra_data_inflacion_mensual
1961-03-01,1.1,"% variacion mensual del IPC (BCRA 'Principales Variables' id 27 'Inflacion mensual', serie historica empalmada de INDEC, via thomasriveros/BCRA_Data)",bcra_data_inflacion_mensual
1961-04-01,2.2,"% variacion mensual del IPC (BCRA 'Principales Variables' id 27 'Inflacion mensual', serie historica empalmada de INDEC, via thomasriveros/BCRA_Data)",bcra_data_inflacion_mensual
1961-05-01,0.7,"% variacion mensual del IPC (BCRA 'Principales Variables' id 27 'Inflacion mensual', serie historica empalmada de INDEC, via thomasriveros/BCRA_Data)",bcra_data_inflacion_mensual
1961-06-01,1.4,"% variacion mensual del IPC (BCRA 'Principales Variables' id 27 'Inflacion mensual', serie historica empalmada de INDEC, via thomasriveros/BCRA_Data)",bcra_data_inflacion_mensual
1961-07-01,1.5,"% variacion mensual del IPC (BCRA 'Principales Variables' id 27 'Inflacion mensual', serie historica empalmada de INDEC, via thomasriveros/BCRA_Data)",bcra_data_inflacion_mensual
1961-08-01,0.8,"% variacion mensual del IPC (BCRA 'Principales Variables' id 27 'Inflacion mensual', serie historica empalmada de INDEC, via thomasriveros/BCRA_Data)",bcra_data_inflacion_mensual
1961-09-01,1,"% variacion mensual del IPC (BCRA 'Principales Variables' id 27 'Inflacion mensual', serie historica empalmada de INDEC, via thomasriveros/BCRA_Data)",bcra_data_inflacion_mensual
1961-10-01,0.1,"% variacion mensual del IPC (BCRA 'Principales Variables' id 27 'Inflacion mensual', serie historica empalmada de INDEC, via thomasriveros/BCRA_Data)",bcra_data_inflacion_mensual
1961-11-01,3.2,"% variacion mensual del IPC (BCRA 'Principales Variables' id 27 'Inflacion mensual', serie historica empalmada de INDEC, via thomasriveros/BCRA_Data)",bcra_data_inflacion_mensual
1961-12-01,8.7,"% variacion mensual del IPC (BCRA 'Principales Variables' id 27 'Inflacion mensual', serie historica empalmada de INDEC, via thomasriveros/BCRA_Data)",bcra_data_inflacion_mensual
1962-01-01,-4,"% variacion mensual del IPC (BCRA 'Principales Variables' id 27 'Inflacion mensual', serie historica empalmada de INDEC, via thomasriveros/BCRA_Data)",bcra_data_inflacion_mensual
1962-02-01,1.4,"% variacion mensual del IPC (BCRA 'Principales Variables' id 27 'Inflacion mensual', serie historica empalmada de INDEC, via thomasriveros/BCRA_Data)",bcra_data_inflacion_mensual
1962-03-01,1.6,"% variacion mensual del IPC (BCRA 'Principales Variables' id 27 'Inflacion mensual', serie historica empalmada de INDEC, via thomasriveros/BCRA_Data)",bcra_data_inflacion_mensual
1962-04-01,3.3,"% variacion mensual del IPC (BCRA 'Principales Variables' id 27 'Inflacion mensual', serie historica empalmada de INDEC, via thomasriveros/BCRA_Data)",bcra_data_inflacion_mensual
1962-05-01,3.5,"% variacion mensual del IPC (BCRA 'Principales Variables' id 27 'Inflacion mensual', serie historica empalmada de INDEC, via thomasriveros/BCRA_Data)",bcra_data_inflacion_mensual
1962-06-01,1.5,"% variacion mensual del IPC (BCRA 'Principales Variables' id 27 'Inflacion mensual', serie historica empalmada de INDEC, via thomasriveros/BCRA_Data)",bcra_data_inflacion_mensual
1962-07-01,4.5,"% variacion mensual del IPC (BCRA 'Principales Variables' id 27 'Inflacion mensual', serie historica empalmada de INDEC, via thomasriveros/BCRA_Data)",bcra_data_inflacion_mensual
1962-08-01,1.3,"% variacion mensual del IPC (BCRA 'Principales Variables' id 27 'Inflacion mensual', serie historica empalmada de INDEC, via thomasriveros/BCRA_Data)",bcra_data_inflacion_mensual
1962-09-01,3.7,"% variacion mensual del IPC (BCRA 'Principales Variables' id 27 'Inflacion mensual', serie historica empalmada de INDEC, via thomasriveros/BCRA_Data)",bcra_data_inflacion_mensual
1962-10-01,1.7,"% variacion mensual del IPC (BCRA 'Principales Variables' id 27 'Inflacion mensual', serie historica empalmada de INDEC, via thomasriveros/BCRA_Data)",bcra_data_inflacion_mensual
1962-11-01,-0.5,"% variacion mensual del IPC (BCRA 'Principales Variables' id 27 'Inflacion mensual', serie historica empalmada de INDEC, via thomasriveros/BCRA_Data)",bcra_data_inflacion_mensual
1962-12-01,9.7,"% variacion mensual del IPC (BCRA 'Principales Variables' id 27 'Inflacion mensual', serie historica empalmada de INDEC, via thomasriveros/BCRA_Data)",bcra_data_inflacion_mensual
1963-01-01,-4.1,"% variacion mensual del IPC (BCRA 'Principales Variables' id 27 'Inflacion mensual', serie historica empalmada de INDEC, via thomasriveros/BCRA_Data)",bcra_data_inflacion_mensual
1963-02-01,0.9,"% variacion mensual del IPC (BCRA 'Principales Variables' id 27 'Inflacion mensual', serie historica empalmada de INDEC, via thomasriveros/BCRA_Data)",bcra_data_inflacion_mensual
1963-03-01,4.7,"% variacion mensual del IPC (BCRA 'Principales Variables' id 27 'Inflacion mensual', serie historica empalmada de INDEC, via thomasriveros/BCRA_Data)",bcra_data_inflacion_mensual
1963-04-01,1.6,"% variacion mensual del IPC (BCRA 'Principales Variables' id 27 'Inflacion mensual', serie historica empalmada de INDEC, via thomasriveros/BCRA_Data)",bcra_data_inflacion_mensual
1963-05-01,0,"% variacion mensual del IPC (BCRA 'Principales Variables' id 27 'Inflacion mensual', serie historica empalmada de INDEC, via thomasriveros/BCRA_Data)",bcra_data_inflacion_mensual
1963-06-01,1.1,"% variacion mensual del IPC (BCRA 'Principales Variables' id 27 'Inflacion mensual', serie historica empalmada de INDEC, via thomasriveros/BCRA_Data)",bcra_data_inflacion_mensual
1963-07-01,1.5,"% variacion mensual del IPC (BCRA 'Principales Variables' id 27 'Inflacion mensual', serie historica empalmada de INDEC, via thomasriveros/BCRA_Data)",bcra_data_inflacion_mensual
1963-08-01,0.4,"% variacion mensual del IPC (BCRA 'Principales Variables' id 27 'Inflacion mensual', serie historica empalmada de INDEC, via thomasriveros/BCRA_Data)",bcra_data_inflacion_mensual
1963-09-01,1.5,"% variacion mensual del IPC (BCRA 'Principales Variables' id 27 'Inflacion mensual', serie historica empalmada de INDEC, via thomasriveros/BCRA_Data)",bcra_data_inflacion_mensual
1963-10-01,3.1,"% variacion mensual del IPC (BCRA 'Principales Variables' id 27 'Inflacion mensual', serie historica empalmada de INDEC, via thomasriveros/BCRA_Data)",bcra_data_inflacion_mensual
1963-11-01,2.5,"% variacion mensual del IPC (BCRA 'Principales Variables' id 27 'Inflacion mensual', serie historica empalmada de INDEC, via thomasriveros/BCRA_Data)",bcra_data_inflacion_mensual
1963-12-01,8.7,"% variacion mensual del IPC (BCRA 'Principales Variables' id 27 'Inflacion mensual', serie historica empalmada de INDEC, via thomasriveros/BCRA_Data)",bcra_data_inflacion_mensual
1964-01-01,-0.5,"% variacion mensual del IPC (BCRA 'Principales Variables' id 27 'Inflacion mensual', serie historica empalmada de INDEC, via thomasriveros/BCRA_Data)",bcra_data_inflacion_mensual
1964-02-01,-0.8,"% variacion mensual del IPC (BCRA 'Principales Variables' id 27 'Inflacion mensual', serie historica empalmada de INDEC, via thomasriveros/BCRA_Data)",bcra_data_inflacion_mensual
1964-03-01,-0.3,"% variacion mensual del IPC (BCRA 'Principales Variables' id 27 'Inflacion mensual', serie historica empalmada de INDEC, via thomasriveros/BCRA_Data)",bcra_data_inflacion_mensual
1964-04-01,3.8,"% variacion mensual del IPC (BCRA 'Principales Variables' id 27 'Inflacion mensual', serie historica empalmada de INDEC, via thomasriveros/BCRA_Data)",bcra_data_inflacion_mensual
1964-05-01,0.1,"% variacion mensual del IPC (BCRA 'Principales Variables' id 27 'Inflacion mensual', serie historica empalmada de INDEC, via thomasriveros/BCRA_Data)",bcra_data_inflacion_mensual
1964-06-01,1.4,"% variacion mensual del IPC (BCRA 'Principales Variables' id 27 'Inflacion mensual', serie historica empalmada de INDEC, via thomasriveros/BCRA_Data)",bcra_data_inflacion_mensual
1964-07-01,0.4,"% variacion mensual del IPC (BCRA 'Principales Variables' id 27 'Inflacion mensual', serie historica empalmada de INDEC, via thomasriveros/BCRA_Data)",bcra_data_inflacion_mensual
1964-08-01,-0.5,"% variacion mensual del IPC (BCRA 'Principales Variables' id 27 'Inflacion mensual', serie historica empalmada de INDEC, via thomasriveros/BCRA_Data)",bcra_data_inflacion_mensual
1964-09-01,1.1,"% variacion mensual del IPC (BCRA 'Principales Variables' id 27 'Inflacion mensual', serie historica empalmada de INDEC, via thomasriveros/BCRA_Data)",bcra_data_inflacion_mensual
1964-10-01,3.9,"% variacion mensual del IPC (BCRA 'Principales Variables' id 27 'Inflacion mensual', serie historica empalmada de INDEC, via thomasriveros/BCRA_Data)",bcra_data_inflacion_mensual
1964-11-01,1.1,"% variacion mensual del IPC (BCRA 'Principales Variables' id 27 'Inflacion mensual', serie historica empalmada de INDEC, via thomasriveros/BCRA_Data)",bcra_data_inflacion_mensual
1964-12-01,7.2,"% variacion mensual del IPC (BCRA 'Principales Variables' id 27 'Inflacion mensual', serie historica empalmada de INDEC, via thomasriveros/BCRA_Data)",bcra_data_inflacion_mensual
1965-01-01,-3.7,"% variacion mensual del IPC (BCRA 'Principales Variables' id 27 'Inflacion mensual', serie historica empalmada de INDEC, via thomasriveros/BCRA_Data)",bcra_data_inflacion_mensual
1965-02-01,4.8,"% variacion mensual del IPC (BCRA 'Principales Variables' id 27 'Inflacion mensual', serie historica empalmada de INDEC, via thomasriveros/BCRA_Data)",bcra_data_inflacion_mensual
1965-03-01,2.4,"% variacion mensual del IPC (BCRA 'Principales Variables' id 27 'Inflacion mensual', serie historica empalmada de INDEC, via thomasriveros/BCRA_Data)",bcra_data_inflacion_mensual
1965-04-01,1,"% variacion mensual del IPC (BCRA 'Principales Variables' id 27 'Inflacion mensual', serie historica empalmada de INDEC, via thomasriveros/BCRA_Data)",bcra_data_inflacion_mensual
1965-05-01,2.2,"% variacion mensual del IPC (BCRA 'Principales Variables' id 27 'Inflacion mensual', serie historica empalmada de INDEC, via thomasriveros/BCRA_Data)",bcra_data_inflacion_mensual
1965-06-01,4,"% variacion mensual del IPC (BCRA 'Principales Variables' id 27 'Inflacion mensual', serie historica empalmada de INDEC, via thomasriveros/BCRA_Data)",bcra_data_inflacion_mensual
1965-07-01,4.4,"% variacion mensual del IPC (BCRA 'Principales Variables' id 27 'Inflacion mensual', serie historica empalmada de INDEC, via thomasriveros/BCRA_Data)",bcra_data_inflacion_mensual
1965-08-01,2.2,"% variacion mensual del IPC (BCRA 'Principales Variables' id 27 'Inflacion mensual', serie historica empalmada de INDEC, via thomasriveros/BCRA_Data)",bcra_data_inflacion_mensual
1965-09-01,1.5,"% variacion mensual del IPC (BCRA 'Principales Variables' id 27 'Inflacion mensual', serie historica empalmada de INDEC, via thomasriveros/BCRA_Data)",bcra_data_inflacion_mensual
1965-10-01,2.6,"% variacion mensual del IPC (BCRA 'Principales Variables' id 27 'Inflacion mensual', serie historica empalmada de INDEC, via thomasriveros/BCRA_Data)",bcra_data_inflacion_mensual
1965-11-01,3.6,"% variacion mensual del IPC (BCRA 'Principales Variables' id 27 'Inflacion mensual', serie historica empalmada de INDEC, via thomasriveros/BCRA_Data)",bcra_data_inflacion_mensual
1965-12-01,8.2,"% variacion mensual del IPC (BCRA 'Principales Variables' id 27 'Inflacion mensual', serie historica empalmada de INDEC, via thomasriveros/BCRA_Data)",bcra_data_inflacion_mensual
1966-01-01,-2.3,"% variacion mensual del IPC (BCRA 'Principales Variables' id 27 'Inflacion mensual', serie historica empalmada de INDEC, via thomasriveros/BCRA_Data)",bcra_data_inflacion_mensual
1966-02-01,2.2,"% variacion mensual del IPC (BCRA 'Principales Variables' id 27 'Inflacion mensual', serie historica empalmada de INDEC, via thomasriveros/BCRA_Data)",bcra_data_inflacion_mensual
1966-03-01,2.2,"% variacion mensual del IPC (BCRA 'Principales Variables' id 27 'Inflacion mensual', serie historica empalmada de INDEC, via thomasriveros/BCRA_Data)",bcra_data_inflacion_mensual
1966-04-01,2.1,"% variacion mensual del IPC (BCRA 'Principales Variables' id 27 'Inflacion mensual', serie historica empalmada de INDEC, via thomasriveros/BCRA_Data)",bcra_data_inflacion_mensual
1966-05-01,1,"% variacion mensual del IPC (BCRA 'Principales Variables' id 27 'Inflacion mensual', serie historica empalmada de INDEC, via thomasriveros/BCRA_Data)",bcra_data_inflacion_mensual
1966-06-01,0.9,"% variacion mensual del IPC (BCRA 'Principales Variables' id 27 'Inflacion mensual', serie historica empalmada de INDEC, via thomasriveros/BCRA_Data)",bcra_data_inflacion_mensual
1966-07-01,1.6,"% variacion mensual del IPC (BCRA 'Principales Variables' id 27 'Inflacion mensual', serie historica empalmada de INDEC, via thomasriveros/BCRA_Data)",bcra_data_inflacion_mensual
1966-08-01,1.2,"% variacion mensual del IPC (BCRA 'Principales Variables' id 27 'Inflacion mensual', serie historica empalmada de INDEC, via thomasriveros/BCRA_Data)",bcra_data_inflacion_mensual
1966-09-01,1.5,"% variacion mensual del IPC (BCRA 'Principales Variables' id 27 'Inflacion mensual', serie historica empalmada de INDEC, via thomasriveros/BCRA_Data)",bcra_data_inflacion_mensual
1966-10-01,3.2,"% variacion mensual del IPC (BCRA 'Principales Variables' id 27 'Inflacion mensual', serie historica empalmada de INDEC, via thomasriveros/BCRA_Data)",bcra_data_inflacion_mensual
1966-11-01,2.3,"% variacion mensual del IPC (BCRA 'Principales Variables' id 27 'Inflacion mensual', serie historica empalmada de INDEC, via thomasriveros/BCRA_Data)",bcra_data_inflacion_mensual
1966-12-01,11.1,"% variacion mensual del IPC (BCRA 'Principales Variables' id 27 'Inflacion mensual', serie historica empalmada de INDEC, via thomasriveros/BCRA_Data)",bcra_data_inflacion_mensual
1967-01-01,-4.7,"% variacion mensual del IPC (BCRA 'Principales Variables' id 27 'Inflacion mensual', serie historica empalmada de INDEC, via thomasriveros/BCRA_Data)",bcra_data_inflacion_mensual
1967-02-01,2.1,"% variacion mensual del IPC (BCRA 'Principales Variables' id 27 'Inflacion mensual', serie historica empalmada de INDEC, via thomasriveros/BCRA_Data)",bcra_data_inflacion_mensual
1967-03-01,2.2,"% variacion mensual del IPC (BCRA 'Principales Variables' id 27 'Inflacion mensual', serie historica empalmada de INDEC, via thomasriveros/BCRA_Data)",bcra_data_inflacion_mensual
1967-04-01,1.2,"% variacion mensual del IPC (BCRA 'Principales Variables' id 27 'Inflacion mensual', serie historica empalmada de INDEC, via thomasriveros/BCRA_Data)",bcra_data_inflacion_mensual
1967-05-01,1,"% variacion mensual del IPC (BCRA 'Principales Variables' id 27 'Inflacion mensual', serie historica empalmada de INDEC, via thomasriveros/BCRA_Data)",bcra_data_inflacion_mensual
1967-06-01,4.4,"% variacion mensual del IPC (BCRA 'Principales Variables' id 27 'Inflacion mensual', serie historica empalmada de INDEC, via thomasriveros/BCRA_Data)",bcra_data_inflacion_mensual
1967-07-01,5,"% variacion mensual del IPC (BCRA 'Principales Variables' id 27 'Inflacion mensual', serie historica empalmada de INDEC, via thomasriveros/BCRA_Data)",bcra_data_inflacion_mensual
1967-08-01,0.3,"% variacion mensual del IPC (BCRA 'Principales Variables' id 27 'Inflacion mensual', serie historica empalmada de INDEC, via thomasriveros/BCRA_Data)",bcra_data_inflacion_mensual
1967-09-01,0.5,"% variacion mensual del IPC (BCRA 'Principales Variables' id 27 'Inflacion mensual', serie historica empalmada de INDEC, via thomasriveros/BCRA_Data)",bcra_data_inflacion_mensual
1967-10-01,2.9,"% variacion mensual del IPC (BCRA 'Principales Variables' id 27 'Inflacion mensual', serie historica empalmada de INDEC, via thomasriveros/BCRA_Data)",bcra_data_inflacion_mensual
1967-11-01,2.3,"% variacion mensual del IPC (BCRA 'Principales Variables' id 27 'Inflacion mensual', serie historica empalmada de INDEC, via thomasriveros/BCRA_Data)",bcra_data_inflacion_mensual
1967-12-01,7.8,"% variacion mensual del IPC (BCRA 'Principales Variables' id 27 'Inflacion mensual', serie historica empalmada de INDEC, via thomasriveros/BCRA_Data)",bcra_data_inflacion_mensual
1968-01-01,-3.4,"% variacion mensual del IPC (BCRA 'Principales Variables' id 27 'Inflacion mensual', serie historica empalmada de INDEC, via thomasriveros/BCRA_Data)",bcra_data_inflacion_mensual
1968-02-01,1,"% variacion mensual del IPC (BCRA 'Principales Variables' id 27 'Inflacion mensual', serie historica empalmada de INDEC, via thomasriveros/BCRA_Data)",bcra_data_inflacion_mensual
1968-03-01,-0.6,"% variacion mensual del IPC (BCRA 'Principales Variables' id 27 'Inflacion mensual', serie historica empalmada de INDEC, via thomasriveros/BCRA_Data)",bcra_data_inflacion_mensual
1968-04-01,-0.4,"% variacion mensual del IPC (BCRA 'Principales Variables' id 27 'Inflacion mensual', serie historica empalmada de INDEC, via thomasriveros/BCRA_Data)",bcra_data_inflacion_mensual
1968-05-01,0.1,"% variacion mensual del IPC (BCRA 'Principales Variables' id 27 'Inflacion mensual', serie historica empalmada de INDEC, via thomasriveros/BCRA_Data)",bcra_data_inflacion_mensual
1968-06-01,0.3,"% variacion mensual del IPC (BCRA 'Principales Variables' id 27 'Inflacion mensual', serie historica empalmada de INDEC, via thomasriveros/BCRA_Data)",bcra_data_inflacion_mensual
1968-07-01,-0.1,"% variacion mensual del IPC (BCRA 'Principales Variables' id 27 'Inflacion mensual', serie historica empalmada de INDEC, via thomasriveros/BCRA_Data)",bcra_data_inflacion_mensual
1968-08-01,0.2,"% variacion mensual del IPC (BCRA 'Principales Variables' id 27 'Inflacion mensual', serie historica empalmada de INDEC, via thomasriveros/BCRA_Data)",bcra_data_inflacion_mensual
1968-09-01,1.4,"% variacion mensual del IPC (BCRA 'Principales Variables' id 27 'Inflacion mensual', serie historica empalmada de INDEC, via thomasriveros/BCRA_Data)",bcra_data_inflacion_mensual
1968-10-01,2,"% variacion mensual del IPC (BCRA 'Principales Variables' id 27 'Inflacion mensual', serie historica empalmada de INDEC, via thomasriveros/BCRA_Data)",bcra_data_inflacion_mensual
1968-11-01,0.3,"% variacion mensual del IPC (BCRA 'Principales Variables' id 27 'Inflacion mensual', serie historica empalmada de INDEC, via thomasriveros/BCRA_Data)",bcra_data_inflacion_mensual
1968-12-01,8.9,"% variacion mensual del IPC (BCRA 'Principales Variables' id 27 'Inflacion mensual', serie historica empalmada de INDEC, via thomasriveros/BCRA_Data)",bcra_data_inflacion_mensual
1969-01-01,-4.6,"% variacion mensual del IPC (BCRA 'Principales Variables' id 27 'Inflacion mensual', serie historica empalmada de INDEC, via thomasriveros/BCRA_Data)",bcra_data_inflacion_mensual
1969-02-01,-1.3,"% variacion mensual del IPC (BCRA 'Principales Variables' id 27 'Inflacion mensual', serie historica empalmada de INDEC, via thomasriveros/BCRA_Data)",bcra_data_inflacion_mensual
1969-03-01,1.1,"% variacion mensual del IPC (BCRA 'Principales Variables' id 27 'Inflacion mensual', serie historica empalmada de INDEC, via thomasriveros/BCRA_Data)",bcra_data_inflacion_mensual
1969-04-01,0.1,"% variacion mensual del IPC (BCRA 'Principales Variables' id 27 'Inflacion mensual', serie historica empalmada de INDEC, via thomasriveros/BCRA_Data)",bcra_data_inflacion_mensual
1969-05-01,-1.4,"% variacion mensual del IPC (BCRA 'Principales Variables' id 27 'Inflacion mensual', serie historica empalmada de INDEC, via thomasriveros/BCRA_Data)",bcra_data_inflacion_mensual
1969-06-01,1,"% variacion mensual del IPC (BCRA 'Principales Variables' id 27 'Inflacion mensual', serie historica empalmada de INDEC, via thomasriveros/BCRA_Data)",bcra_data_inflacion_mensual
1969-07-01,1.3,"% variacion mensual del IPC (BCRA 'Principales Variables' id 27 'Inflacion mensual', serie historica empalmada de INDEC, via thomasriveros/BCRA_Data)",bcra_data_inflacion_mensual
1969-08-01,-0.7,"% variacion mensual del IPC (BCRA 'Principales Variables' id 27 'Inflacion mensual', serie historica empalmada de INDEC, via thomasriveros/BCRA_Data)",bcra_data_inflacion_mensual
1969-09-01,1.9,"% variacion mensual del IPC (BCRA 'Principales Variables' id 27 'Inflacion mensual', serie historica empalmada de INDEC, via thomasriveros/BCRA_Data)",bcra_data_inflacion_mensual
1969-10-01,1.5,"% variacion mensual del IPC (BCRA 'Principales Variables' id 27 'Inflacion mensual', serie historica empalmada de INDEC, via thomasriveros/BCRA_Data)",bcra_data_inflacion_mensual
1969-11-01,0.7,"% variacion mensual del IPC (BCRA 'Principales Variables' id 27 'Inflacion mensual', serie historica empalmada de INDEC, via thomasriveros/BCRA_Data)",bcra_data_inflacion_mensual
1969-12-01,7.3,"% variacion mensual del IPC (BCRA 'Principales Variables' id 27 'Inflacion mensual', serie historica empalmada de INDEC, via thomasriveros/BCRA_Data)",bcra_data_inflacion_mensual
1970-01-01,-4.7,"% variacion mensual del IPC (BCRA 'Principales Variables' id 27 'Inflacion mensual', serie historica empalmada de INDEC, via thomasriveros/BCRA_Data)",bcra_data_inflacion_mensual
1970-02-01,1.4,"% variacion mensual del IPC (BCRA 'Principales Variables' id 27 'Inflacion mensual', serie historica empalmada de INDEC, via thomasriveros/BCRA_Data)",bcra_data_inflacion_mensual
1970-03-01,1.3,"% variacion mensual del IPC (BCRA 'Principales Variables' id 27 'Inflacion mensual', serie historica empalmada de INDEC, via thomasriveros/BCRA_Data)",bcra_data_inflacion_mensual
1970-04-01,0.8,"% variacion mensual del IPC (BCRA 'Principales Variables' id 27 'Inflacion mensual', serie historica empalmada de INDEC, via thomasriveros/BCRA_Data)",bcra_data_inflacion_mensual
1970-05-01,0.7,"% variacion mensual del IPC (BCRA 'Principales Variables' id 27 'Inflacion mensual', serie historica empalmada de INDEC, via thomasriveros/BCRA_Data)",bcra_data_inflacion_mensual
1970-06-01,0.7,"% variacion mensual del IPC (BCRA 'Principales Variables' id 27 'Inflacion mensual', serie historica empalmada de INDEC, via thomasriveros/BCRA_Data)",bcra_data_inflacion_mensual
1970-07-01,1.2,"% variacion mensual del IPC (BCRA 'Principales Variables' id 27 'Inflacion mensual', serie historica empalmada de INDEC, via thomasriveros/BCRA_Data)",bcra_data_inflacion_mensual
1970-08-01,1.1,"% variacion mensual del IPC (BCRA 'Principales Variables' id 27 'Inflacion mensual', serie historica empalmada de INDEC, via thomasriveros/BCRA_Data)",bcra_data_inflacion_mensual
1970-09-01,2,"% variacion mensual del IPC (BCRA 'Principales Variables' id 27 'Inflacion mensual', serie historica empalmada de INDEC, via thomasriveros/BCRA_Data)",bcra_data_inflacion_mensual
1970-10-01,4,"% variacion mensual del IPC (BCRA 'Principales Variables' id 27 'Inflacion mensual', serie historica empalmada de INDEC, via thomasriveros/BCRA_Data)",bcra_data_inflacion_mensual
1970-11-01,2.6,"% variacion mensual del IPC (BCRA 'Principales Variables' id 27 'Inflacion mensual', serie historica empalmada de INDEC, via thomasriveros/BCRA_Data)",bcra_data_inflacion_mensual
1970-12-01,9.2,"% variacion mensual del IPC (BCRA 'Principales Variables' id 27 'Inflacion mensual', serie historica empalmada de INDEC, via thomasriveros/BCRA_Data)",bcra_data_inflacion_mensual
1971-01-01,-0.3,"% variacion mensual del IPC (BCRA 'Principales Variables' id 27 'Inflacion mensual', serie historica empalmada de INDEC, via thomasriveros/BCRA_Data)",bcra_data_inflacion_mensual
1971-02-01,3.3,"% variacion mensual del IPC (BCRA 'Principales Variables' id 27 'Inflacion mensual', serie historica empalmada de INDEC, via thomasriveros/BCRA_Data)",bcra_data_inflacion_mensual
1971-03-01,1.1,"% variacion mensual del IPC (BCRA 'Principales Variables' id 27 'Inflacion mensual', serie historica empalmada de INDEC, via thomasriveros/BCRA_Data)",bcra_data_inflacion_mensual
1971-04-01,0.9,"% variacion mensual del IPC (BCRA 'Principales Variables' id 27 'Inflacion mensual', serie historica empalmada de INDEC, via thomasriveros/BCRA_Data)",bcra_data_inflacion_mensual
1971-05-01,2.4,"% variacion mensual del IPC (BCRA 'Principales Variables' id 27 'Inflacion mensual', serie historica empalmada de INDEC, via thomasriveros/BCRA_Data)",bcra_data_inflacion_mensual
1971-06-01,3.1,"% variacion mensual del IPC (BCRA 'Principales Variables' id 27 'Inflacion mensual', serie historica empalmada de INDEC, via thomasriveros/BCRA_Data)",bcra_data_inflacion_mensual
1971-07-01,4.3,"% variacion mensual del IPC (BCRA 'Principales Variables' id 27 'Inflacion mensual', serie historica empalmada de INDEC, via thomasriveros/BCRA_Data)",bcra_data_inflacion_mensual
1971-08-01,2.6,"% variacion mensual del IPC (BCRA 'Principales Variables' id 27 'Inflacion mensual', serie historica empalmada de INDEC, via thomasriveros/BCRA_Data)",bcra_data_inflacion_mensual
1971-09-01,0.9,"% variacion mensual del IPC (BCRA 'Principales Variables' id 27 'Inflacion mensual', serie historica empalmada de INDEC, via thomasriveros/BCRA_Data)",bcra_data_inflacion_mensual
1971-10-01,1,"% variacion mensual del IPC (BCRA 'Principales Variables' id 27 'Inflacion mensual', serie historica empalmada de INDEC, via thomasriveros/BCRA_Data)",bcra_data_inflacion_mensual
1971-11-01,2.7,"% variacion mensual del IPC (BCRA 'Principales Variables' id 27 'Inflacion mensual', serie historica empalmada de INDEC, via thomasriveros/BCRA_Data)",bcra_data_inflacion_mensual
1971-12-01,11.9,"% variacion mensual del IPC (BCRA 'Principales Variables' id 27 'Inflacion mensual', serie historica empalmada de INDEC, via thomasriveros/BCRA_Data)",bcra_data_inflacion_mensual
1972-01-01,5.2,"% variacion mensual del IPC (BCRA 'Principales Variables' id 27 'Inflacion mensual', serie historica empalmada de INDEC, via thomasriveros/BCRA_Data)",bcra_data_inflacion_mensual
1972-02-01,3.6,"% variacion mensual del IPC (BCRA 'Principales Variables' id 27 'Inflacion mensual', serie historica empalmada de INDEC, via thomasriveros/BCRA_Data)",bcra_data_inflacion_mensual
1972-03-01,4.2,"% variacion mensual del IPC (BCRA 'Principales Variables' id 27 'Inflacion mensual', serie historica empalmada de INDEC, via thomasriveros/BCRA_Data)",bcra_data_inflacion_mensual
1972-04-01,4.9,"% variacion mensual del IPC (BCRA 'Principales Variables' id 27 'Inflacion mensual', serie historica empalmada de INDEC, via thomasriveros/BCRA_Data)",bcra_data_inflacion_mensual
1972-05-01,1.6,"% variacion mensual del IPC (BCRA 'Principales Variables' id 27 'Inflacion mensual', serie historica empalmada de INDEC, via thomasriveros/BCRA_Data)",bcra_data_inflacion_mensual
1972-06-01,5.5,"% variacion mensual del IPC (BCRA 'Principales Variables' id 27 'Inflacion mensual', serie historica empalmada de INDEC, via thomasriveros/BCRA_Data)",bcra_data_inflacion_mensual
1972-07-01,5,"% variacion mensual del IPC (BCRA 'Principales Variables' id 27 'Inflacion mensual', serie historica empalmada de INDEC, via thomasriveros/BCRA_Data)",bcra_data_inflacion_mensual
1972-08-01,-0.1,"% variacion mensual del IPC (BCRA 'Principales Variables' id 27 'Inflacion mensual', serie historica empalmada de INDEC, via thomasriveros/BCRA_Data)",bcra_data_inflacion_mensual
1972-09-01,2.4,"% variacion mensual del IPC (BCRA 'Principales Variables' id 27 'Inflacion mensual', serie historica empalmada de INDEC, via thomasriveros/BCRA_Data)",bcra_data_inflacion_mensual
1972-10-01,4.8,"% variacion mensual del IPC (BCRA 'Principales Variables' id 27 'Inflacion mensual', serie historica empalmada de INDEC, via thomasriveros/BCRA_Data)",bcra_data_inflacion_mensual
1972-11-01,4.9,"% variacion mensual del IPC (BCRA 'Principales Variables' id 27 'Inflacion mensual', serie historica empalmada de INDEC, via thomasriveros/BCRA_Data)",bcra_data_inflacion_mensual
1972-12-01,8.8,"% variacion mensual del IPC (BCRA 'Principales Variables' id 27 'Inflacion mensual', serie historica empalmada de INDEC, via thomasriveros/BCRA_Data)",bcra_data_inflacion_mensual
1973-01-01,4.6,"% variacion mensual del IPC (BCRA 'Principales Variables' id 27 'Inflacion mensual', serie historica empalmada de INDEC, via thomasriveros/BCRA_Data)",bcra_data_inflacion_mensual
1973-02-01,7.6,"% variacion mensual del IPC (BCRA 'Principales Variables' id 27 'Inflacion mensual', serie historica empalmada de INDEC, via thomasriveros/BCRA_Data)",bcra_data_inflacion_mensual
1973-03-01,8.6,"% variacion mensual del IPC (BCRA 'Principales Variables' id 27 'Inflacion mensual', serie historica empalmada de INDEC, via thomasriveros/BCRA_Data)",bcra_data_inflacion_mensual
1973-04-01,4.5,"% variacion mensual del IPC (BCRA 'Principales Variables' id 27 'Inflacion mensual', serie historica empalmada de INDEC, via thomasriveros/BCRA_Data)",bcra_data_inflacion_mensual
1973-05-01,3.5,"% variacion mensual del IPC (BCRA 'Principales Variables' id 27 'Inflacion mensual', serie historica empalmada de INDEC, via thomasriveros/BCRA_Data)",bcra_data_inflacion_mensual
1973-06-01,-2.9,"% variacion mensual del IPC (BCRA 'Principales Variables' id 27 'Inflacion mensual', serie historica empalmada de INDEC, via thomasriveros/BCRA_Data)",bcra_data_inflacion_mensual
1973-07-01,0,"% variacion mensual del IPC (BCRA 'Principales Variables' id 27 'Inflacion mensual', serie historica empalmada de INDEC, via thomasriveros/BCRA_Data)",bcra_data_inflacion_mensual
1973-08-01,0.8,"% variacion mensual del IPC (BCRA 'Principales Variables' id 27 'Inflacion mensual', serie historica empalmada de INDEC, via thomasriveros/BCRA_Data)",bcra_data_inflacion_mensual
1973-09-01,0.5,"% variacion mensual del IPC (BCRA 'Principales Variables' id 27 'Inflacion mensual', serie historica empalmada de INDEC, via thomasriveros/BCRA_Data)",bcra_data_inflacion_mensual
1973-10-01,1.6,"% variacion mensual del IPC (BCRA 'Principales Variables' id 27 'Inflacion mensual', serie historica empalmada de INDEC, via thomasriveros/BCRA_Data)",bcra_data_inflacion_mensual
1973-11-01,0.8,"% variacion mensual del IPC (BCRA 'Principales Variables' id 27 'Inflacion mensual', serie historica empalmada de INDEC, via thomasriveros/BCRA_Data)",bcra_data_inflacion_mensual
1973-12-01,8.1,"% variacion mensual del IPC (BCRA 'Principales Variables' id 27 'Inflacion mensual', serie historica empalmada de INDEC, via thomasriveros/BCRA_Data)",bcra_data_inflacion_mensual
1974-01-01,-5.7,"% variacion mensual del IPC (BCRA 'Principales Variables' id 27 'Inflacion mensual', serie historica empalmada de INDEC, via thomasriveros/BCRA_Data)",bcra_data_inflacion_mensual
1974-02-01,1.6,"% variacion mensual del IPC (BCRA 'Principales Variables' id 27 'Inflacion mensual', serie historica empalmada de INDEC, via thomasriveros/BCRA_Data)",bcra_data_inflacion_mensual
1974-03-01,1.2,"% variacion mensual del IPC (BCRA 'Principales Variables' id 27 'Inflacion mensual', serie historica empalmada de INDEC, via thomasriveros/BCRA_Data)",bcra_data_inflacion_mensual
1974-04-01,2.8,"% variacion mensual del IPC (BCRA 'Principales Variables' id 27 'Inflacion mensual', serie historica empalmada de INDEC, via thomasriveros/BCRA_Data)",bcra_data_inflacion_mensual
1974-05-01,3.3,"% variacion mensual del IPC (BCRA 'Principales Variables' id 27 'Inflacion mensual', serie historica empalmada de INDEC, via thomasriveros/BCRA_Data)",bcra_data_inflacion_mensual
1974-06-01,3.8,"% variacion mensual del IPC (BCRA 'Principales Variables' id 27 'Inflacion mensual', serie historica empalmada de INDEC, via thomasriveros/BCRA_Data)",bcra_data_inflacion_mensual
1974-07-01,2.3,"% variacion mensual del IPC (BCRA 'Principales Variables' id 27 'Inflacion mensual', serie historica empalmada de INDEC, via thomasriveros/BCRA_Data)",bcra_data_inflacion_mensual
1974-08-01,1.9,"% variacion mensual del IPC (BCRA 'Principales Variables' id 27 'Inflacion mensual', serie historica empalmada de INDEC, via thomasriveros/BCRA_Data)",bcra_data_inflacion_mensual
1974-09-01,3.3,"% variacion mensual del IPC (BCRA 'Principales Variables' id 27 'Inflacion mensual', serie historica empalmada de INDEC, via thomasriveros/BCRA_Data)",bcra_data_inflacion_mensual
1974-10-01,3.8,"% variacion mensual del IPC (BCRA 'Principales Variables' id 27 'Inflacion mensual', serie historica empalmada de INDEC, via thomasriveros/BCRA_Data)",bcra_data_inflacion_mensual
1974-11-01,4.1,"% variacion mensual del IPC (BCRA 'Principales Variables' id 27 'Inflacion mensual', serie historica empalmada de INDEC, via thomasriveros/BCRA_Data)",bcra_data_inflacion_mensual
1974-12-01,12.7,"% variacion mensual del IPC (BCRA 'Principales Variables' id 27 'Inflacion mensual', serie historica empalmada de INDEC, via thomasriveros/BCRA_Data)",bcra_data_inflacion_mensual
1975-01-01,2.9,"% variacion mensual del IPC (BCRA 'Principales Variables' id 27 'Inflacion mensual', serie historica empalmada de INDEC, via thomasriveros/BCRA_Data)",bcra_data_inflacion_mensual
1975-02-01,4.6,"% variacion mensual del IPC (BCRA 'Principales Variables' id 27 'Inflacion mensual', serie historica empalmada de INDEC, via thomasriveros/BCRA_Data)",bcra_data_inflacion_mensual
1975-03-01,8.1,"% variacion mensual del IPC (BCRA 'Principales Variables' id 27 'Inflacion mensual', serie historica empalmada de INDEC, via thomasriveros/BCRA_Data)",bcra_data_inflacion_mensual
1975-04-01,9.7,"% variacion mensual del IPC (BCRA 'Principales Variables' id 27 'Inflacion mensual', serie historica empalmada de INDEC, via thomasriveros/BCRA_Data)",bcra_data_inflacion_mensual
1975-05-01,3.9,"% variacion mensual del IPC (BCRA 'Principales Variables' id 27 'Inflacion mensual', serie historica empalmada de INDEC, via thomasriveros/BCRA_Data)",bcra_data_inflacion_mensual
1975-06-01,21.1,"% variacion mensual del IPC (BCRA 'Principales Variables' id 27 'Inflacion mensual', serie historica empalmada de INDEC, via thomasriveros/BCRA_Data)",bcra_data_inflacion_mensual
1975-07-01,34.7,"% variacion mensual del IPC (BCRA 'Principales Variables' id 27 'Inflacion mensual', serie historica empalmada de INDEC, via thomasriveros/BCRA_Data)",bcra_data_inflacion_mensual
1975-08-01,22.5,"% variacion mensual del IPC (BCRA 'Principales Variables' id 27 'Inflacion mensual', serie historica empalmada de INDEC, via thomasriveros/BCRA_Data)",bcra_data_inflacion_mensual
1975-09-01,10.8,"% variacion mensual del IPC (BCRA 'Principales Variables' id 27 'Inflacion mensual', serie historica empalmada de INDEC, via thomasriveros/BCRA_Data)",bcra_data_inflacion_mensual
1975-10-01,13.8,"% variacion mensual del IPC (BCRA 'Principales Variables' id 27 'Inflacion mensual', serie historica empalmada de INDEC, via thomasriveros/BCRA_Data)",bcra_data_inflacion_mensual
1975-11-01,9,"% variacion mensual del IPC (BCRA 'Principales Variables' id 27 'Inflacion mensual', serie historica empalmada de INDEC, via thomasriveros/BCRA_Data)",bcra_data_inflacion_mensual
1975-12-01,19.4,"% variacion mensual del IPC (BCRA 'Principales Variables' id 27 'Inflacion mensual', serie historica empalmada de INDEC, via thomasriveros/BCRA_Data)",bcra_data_inflacion_mensual
1976-01-01,8.9,"% variacion mensual del IPC (BCRA 'Principales Variables' id 27 'Inflacion mensual', serie historica empalmada de INDEC, via thomasriveros/BCRA_Data)",bcra_data_inflacion_mensual
1976-02-01,19,"% variacion mensual del IPC (BCRA 'Principales Variables' id 27 'Inflacion mensual', serie historica empalmada de INDEC, via thomasriveros/BCRA_Data)",bcra_data_inflacion_mensual
1976-03-01,37.6,"% variacion mensual del IPC (BCRA 'Principales Variables' id 27 'Inflacion mensual', serie historica empalmada de INDEC, via thomasriveros/BCRA_Data)",bcra_data_inflacion_mensual
1976-04-01,33.9,"% variacion mensual del IPC (BCRA 'Principales Variables' id 27 'Inflacion mensual', serie historica empalmada de INDEC, via thomasriveros/BCRA_Data)",bcra_data_inflacion_mensual
1976-05-01,12.1,"% variacion mensual del IPC (BCRA 'Principales Variables' id 27 'Inflacion mensual', serie historica empalmada de INDEC, via thomasriveros/BCRA_Data)",bcra_data_inflacion_mensual
1976-06-01,2.7,"% variacion mensual del IPC (BCRA 'Principales Variables' id 27 'Inflacion mensual', serie historica empalmada de INDEC, via thomasriveros/BCRA_Data)",bcra_data_inflacion_mensual
1976-07-01,4.2,"% variacion mensual del IPC (BCRA 'Principales Variables' id 27 'Inflacion mensual', serie historica empalmada de INDEC, via thomasriveros/BCRA_Data)",bcra_data_inflacion_mensual
1976-08-01,5.5,"% variacion mensual del IPC (BCRA 'Principales Variables' id 27 'Inflacion mensual', serie historica empalmada de INDEC, via thomasriveros/BCRA_Data)",bcra_data_inflacion_mensual
1976-09-01,10.6,"% variacion mensual del IPC (BCRA 'Principales Variables' id 27 'Inflacion mensual', serie historica empalmada de INDEC, via thomasriveros/BCRA_Data)",bcra_data_inflacion_mensual
1976-10-01,8.5,"% variacion mensual del IPC (BCRA 'Principales Variables' id 27 'Inflacion mensual', serie historica empalmada de INDEC, via thomasriveros/BCRA_Data)",bcra_data_inflacion_mensual
1976-11-01,8,"% variacion mensual del IPC (BCRA 'Principales Variables' id 27 'Inflacion mensual', serie historica empalmada de INDEC, via thomasriveros/BCRA_Data)",bcra_data_inflacion_mensual
1976-12-01,14.3,"% variacion mensual del IPC (BCRA 'Principales Variables' id 27 'Inflacion mensual', serie historica empalmada de INDEC, via thomasriveros/BCRA_Data)",bcra_data_inflacion_mensual
1977-01-01,8,"% variacion mensual del IPC (BCRA 'Principales Variables' id 27 'Inflacion mensual', serie historica empalmada de INDEC, via thomasriveros/BCRA_Data)",bcra_data_inflacion_mensual
1977-02-01,8.3,"% variacion mensual del IPC (BCRA 'Principales Variables' id 27 'Inflacion mensual', serie historica empalmada de INDEC, via thomasriveros/BCRA_Data)",bcra_data_inflacion_mensual
1977-03-01,7.5,"% variacion mensual del IPC (BCRA 'Principales Variables' id 27 'Inflacion mensual', serie historica empalmada de INDEC, via thomasriveros/BCRA_Data)",bcra_data_inflacion_mensual
1977-04-01,6,"% variacion mensual del IPC (BCRA 'Principales Variables' id 27 'Inflacion mensual', serie historica empalmada de INDEC, via thomasriveros/BCRA_Data)",bcra_data_inflacion_mensual
1977-05-01,6.5,"% variacion mensual del IPC (BCRA 'Principales Variables' id 27 'Inflacion mensual', serie historica empalmada de INDEC, via thomasriveros/BCRA_Data)",bcra_data_inflacion_mensual
1977-06-01,7.6,"% variacion mensual del IPC (BCRA 'Principales Variables' id 27 'Inflacion mensual', serie historica empalmada de INDEC, via thomasriveros/BCRA_Data)",bcra_data_inflacion_mensual
1977-07-01,7.4,"% variacion mensual del IPC (BCRA 'Principales Variables' id 27 'Inflacion mensual', serie historica empalmada de INDEC, via thomasriveros/BCRA_Data)",bcra_data_inflacion_mensual
1977-08-01,11.3,"% variacion mensual del IPC (BCRA 'Principales Variables' id 27 'Inflacion mensual', serie historica empalmada de INDEC, via thomasriveros/BCRA_Data)",bcra_data_inflacion_mensual
1977-09-01,8.3,"% variacion mensual del IPC (BCRA 'Principales Variables' id 27 'Inflacion mensual', serie historica empalmada de INDEC, via thomasriveros/BCRA_Data)",bcra_data_inflacion_mensual
1977-10-01,12.5,"% variacion mensual del IPC (BCRA 'Principales Variables' id 27 'Inflacion mensual', serie historica empalmada de INDEC, via thomasriveros/BCRA_Data)",bcra_data_inflacion_mensual
1977-11-01,9,"% variacion mensual del IPC (BCRA 'Principales Variables' id 27 'Inflacion mensual', serie historica empalmada de INDEC, via thomasriveros/BCRA_Data)",bcra_data_inflacion_mensual
1977-12-01,7.3,"% variacion mensual del IPC (BCRA 'Principales Variables' id 27 'Inflacion mensual', serie historica empalmada de INDEC, via thomasriveros/BCRA_Data)",bcra_data_inflacion_mensual
1978-01-01,13.4,"% variacion mensual del IPC (BCRA 'Principales Variables' id 27 'Inflacion mensual', serie historica empalmada de INDEC, via thomasriveros/BCRA_Data)",bcra_data_inflacion_mensual
1978-02-01,6.2,"% variacion mensual del IPC (BCRA 'Principales Variables' id 27 'Inflacion mensual', serie historica empalmada de INDEC, via thomasriveros/BCRA_Data)",bcra_data_inflacion_mensual
1978-03-01,9.5,"% variacion mensual del IPC (BCRA 'Principales Variables' id 27 'Inflacion mensual', serie historica empalmada de INDEC, via thomasriveros/BCRA_Data)",bcra_data_inflacion_mensual
1978-04-01,11.1,"% variacion mensual del IPC (BCRA 'Principales Variables' id 27 'Inflacion mensual', serie historica empalmada de INDEC, via thomasriveros/BCRA_Data)",bcra_data_inflacion_mensual
1978-05-01,8.7,"% variacion mensual del IPC (BCRA 'Principales Variables' id 27 'Inflacion mensual', serie historica empalmada de INDEC, via thomasriveros/BCRA_Data)",bcra_data_inflacion_mensual
1978-06-01,6.5,"% variacion mensual del IPC (BCRA 'Principales Variables' id 27 'Inflacion mensual', serie historica empalmada de INDEC, via thomasriveros/BCRA_Data)",bcra_data_inflacion_mensual
1978-07-01,6.6,"% variacion mensual del IPC (BCRA 'Principales Variables' id 27 'Inflacion mensual', serie historica empalmada de INDEC, via thomasriveros/BCRA_Data)",bcra_data_inflacion_mensual
1978-08-01,7.8,"% variacion mensual del IPC (BCRA 'Principales Variables' id 27 'Inflacion mensual', serie historica empalmada de INDEC, via thomasriveros/BCRA_Data)",bcra_data_inflacion_mensual
1978-09-01,6.4,"% variacion mensual del IPC (BCRA 'Principales Variables' id 27 'Inflacion mensual', serie historica empalmada de INDEC, via thomasriveros/BCRA_Data)",bcra_data_inflacion_mensual
1978-10-01,9.8,"% variacion mensual del IPC (BCRA 'Principales Variables' id 27 'Inflacion mensual', serie historica empalmada de INDEC, via thomasriveros/BCRA_Data)",bcra_data_inflacion_mensual
1978-11-01,8.8,"% variacion mensual del IPC (BCRA 'Principales Variables' id 27 'Inflacion mensual', serie historica empalmada de INDEC, via thomasriveros/BCRA_Data)",bcra_data_inflacion_mensual
1978-12-01,9.1,"% variacion mensual del IPC (BCRA 'Principales Variables' id 27 'Inflacion mensual', serie historica empalmada de INDEC, via thomasriveros/BCRA_Data)",bcra_data_inflacion_mensual
1979-01-01,12.8,"% variacion mensual del IPC (BCRA 'Principales Variables' id 27 'Inflacion mensual', serie historica empalmada de INDEC, via thomasriveros/BCRA_Data)",bcra_data_inflacion_mensual
1979-02-01,7.4,"% variacion mensual del IPC (BCRA 'Principales Variables' id 27 'Inflacion mensual', serie historica empalmada de INDEC, via thomasriveros/BCRA_Data)",bcra_data_inflacion_mensual
1979-03-01,7.7,"% variacion mensual del IPC (BCRA 'Principales Variables' id 27 'Inflacion mensual', serie historica empalmada de INDEC, via thomasriveros/BCRA_Data)",bcra_data_inflacion_mensual
1979-04-01,7,"% variacion mensual del IPC (BCRA 'Principales Variables' id 27 'Inflacion mensual', serie historica empalmada de INDEC, via thomasriveros/BCRA_Data)",bcra_data_inflacion_mensual
1979-05-01,6.9,"% variacion mensual del IPC (BCRA 'Principales Variables' id 27 'Inflacion mensual', serie historica empalmada de INDEC, via thomasriveros/BCRA_Data)",bcra_data_inflacion_mensual
1979-06-01,9.7,"% variacion mensual del IPC (BCRA 'Principales Variables' id 27 'Inflacion mensual', serie historica empalmada de INDEC, via thomasriveros/BCRA_Data)",bcra_data_inflacion_mensual
1979-07-01,7.2,"% variacion mensual del IPC (BCRA 'Principales Variables' id 27 'Inflacion mensual', serie historica empalmada de INDEC, via thomasriveros/BCRA_Data)",bcra_data_inflacion_mensual
1979-08-01,11.5,"% variacion mensual del IPC (BCRA 'Principales Variables' id 27 'Inflacion mensual', serie historica empalmada de INDEC, via thomasriveros/BCRA_Data)",bcra_data_inflacion_mensual
1979-09-01,6.8,"% variacion mensual del IPC (BCRA 'Principales Variables' id 27 'Inflacion mensual', serie historica empalmada de INDEC, via thomasriveros/BCRA_Data)",bcra_data_inflacion_mensual
1979-10-01,4.3,"% variacion mensual del IPC (BCRA 'Principales Variables' id 27 'Inflacion mensual', serie historica empalmada de INDEC, via thomasriveros/BCRA_Data)",bcra_data_inflacion_mensual
1979-11-01,5.1,"% variacion mensual del IPC (BCRA 'Principales Variables' id 27 'Inflacion mensual', serie historica empalmada de INDEC, via thomasriveros/BCRA_Data)",bcra_data_inflacion_mensual
1979-12-01,4.5,"% variacion mensual del IPC (BCRA 'Principales Variables' id 27 'Inflacion mensual', serie historica empalmada de INDEC, via thomasriveros/BCRA_Data)",bcra_data_inflacion_mensual
1980-01-01,7.2,"% variacion mensual del IPC (BCRA 'Principales Variables' id 27 'Inflacion mensual', serie historica empalmada de INDEC, via thomasriveros/BCRA_Data)",bcra_data_inflacion_mensual
1980-02-01,5.3,"% variacion mensual del IPC (BCRA 'Principales Variables' id 27 'Inflacion mensual', serie historica empalmada de INDEC, via thomasriveros/BCRA_Data)",bcra_data_inflacion_mensual
1980-03-01,5.8,"% variacion mensual del IPC (BCRA 'Principales Variables' id 27 'Inflacion mensual', serie historica empalmada de INDEC, via thomasriveros/BCRA_Data)",bcra_data_inflacion_mensual
1980-04-01,6.2,"% variacion mensual del IPC (BCRA 'Principales Variables' id 27 'Inflacion mensual', serie historica empalmada de INDEC, via thomasriveros/BCRA_Data)",bcra_data_inflacion_mensual
1980-05-01,5.8,"% variacion mensual del IPC (BCRA 'Principales Variables' id 27 'Inflacion mensual', serie historica empalmada de INDEC, via thomasriveros/BCRA_Data)",bcra_data_inflacion_mensual
1980-06-01,5.7,"% variacion mensual del IPC (BCRA 'Principales Variables' id 27 'Inflacion mensual', serie historica empalmada de INDEC, via thomasriveros/BCRA_Data)",bcra_data_inflacion_mensual
1980-07-01,4.6,"% variacion mensual del IPC (BCRA 'Principales Variables' id 27 'Inflacion mensual', serie historica empalmada de INDEC, via thomasriveros/BCRA_Data)",bcra_data_inflacion_mensual
1980-08-01,3.4,"% variacion mensual del IPC (BCRA 'Principales Variables' id 27 'Inflacion mensual', serie historica empalmada de INDEC, via thomasriveros/BCRA_Data)",bcra_data_inflacion_mensual
1980-09-01,4.5,"% variacion mensual del IPC (BCRA 'Principales Variables' id 27 'Inflacion mensual', serie historica empalmada de INDEC, via thomasriveros/BCRA_Data)",bcra_data_inflacion_mensual
1980-10-01,7.6,"% variacion mensual del IPC (BCRA 'Principales Variables' id 27 'Inflacion mensual', serie historica empalmada de INDEC, via thomasriveros/BCRA_Data)",bcra_data_inflacion_mensual
1980-11-01,4.7,"% variacion mensual del IPC (BCRA 'Principales Variables' id 27 'Inflacion mensual', serie historica empalmada de INDEC, via thomasriveros/BCRA_Data)",bcra_data_inflacion_mensual
1980-12-01,3.8,"% variacion mensual del IPC (BCRA 'Principales Variables' id 27 'Inflacion mensual', serie historica empalmada de INDEC, via thomasriveros/BCRA_Data)",bcra_data_inflacion_mensual
1981-01-01,4.9,"% variacion mensual del IPC (BCRA 'Principales Variables' id 27 'Inflacion mensual', serie historica empalmada de INDEC, via thomasriveros/BCRA_Data)",bcra_data_inflacion_mensual
1981-02-01,4.2,"% variacion mensual del IPC (BCRA 'Principales Variables' id 27 'Inflacion mensual', serie historica empalmada de INDEC, via thomasriveros/BCRA_Data)",bcra_data_inflacion_mensual
1981-03-01,6,"% variacion mensual del IPC (BCRA 'Principales Variables' id 27 'Inflacion mensual', serie historica empalmada de INDEC, via thomasriveros/BCRA_Data)",bcra_data_inflacion_mensual
1981-04-01,7.9,"% variacion mensual del IPC (BCRA 'Principales Variables' id 27 'Inflacion mensual', serie historica empalmada de INDEC, via thomasriveros/BCRA_Data)",bcra_data_inflacion_mensual
1981-05-01,7.5,"% variacion mensual del IPC (BCRA 'Principales Variables' id 27 'Inflacion mensual', serie historica empalmada de INDEC, via thomasriveros/BCRA_Data)",bcra_data_inflacion_mensual
1981-06-01,9.4,"% variacion mensual del IPC (BCRA 'Principales Variables' id 27 'Inflacion mensual', serie historica empalmada de INDEC, via thomasriveros/BCRA_Data)",bcra_data_inflacion_mensual
1981-07-01,10.2,"% variacion mensual del IPC (BCRA 'Principales Variables' id 27 'Inflacion mensual', serie historica empalmada de INDEC, via thomasriveros/BCRA_Data)",bcra_data_inflacion_mensual
1981-08-01,7.9,"% variacion mensual del IPC (BCRA 'Principales Variables' id 27 'Inflacion mensual', serie historica empalmada de INDEC, via thomasriveros/BCRA_Data)",bcra_data_inflacion_mensual
1981-09-01,7.1,"% variacion mensual del IPC (BCRA 'Principales Variables' id 27 'Inflacion mensual', serie historica empalmada de INDEC, via thomasriveros/BCRA_Data)",bcra_data_inflacion_mensual
1981-10-01,5.8,"% variacion mensual del IPC (BCRA 'Principales Variables' id 27 'Inflacion mensual', serie historica empalmada de INDEC, via thomasriveros/BCRA_Data)",bcra_data_inflacion_mensual
1981-11-01,7.2,"% variacion mensual del IPC (BCRA 'Principales Variables' id 27 'Inflacion mensual', serie historica empalmada de INDEC, via thomasriveros/BCRA_Data)",bcra_data_inflacion_mensual
1981-12-01,8.8,"% variacion mensual del IPC (BCRA 'Principales Variables' id 27 'Inflacion mensual', serie historica empalmada de INDEC, via thomasriveros/BCRA_Data)",bcra_data_inflacion_mensual
1982-01-01,11.9,"% variacion mensual del IPC (BCRA 'Principales Variables' id 27 'Inflacion mensual', serie historica empalmada de INDEC, via thomasriveros/BCRA_Data)",bcra_data_inflacion_mensual
1982-02-01,5.3,"% variacion mensual del IPC (BCRA 'Principales Variables' id 27 'Inflacion mensual', serie historica empalmada de INDEC, via thomasriveros/BCRA_Data)",bcra_data_inflacion_mensual
1982-03-01,4.7,"% variacion mensual del IPC (BCRA 'Principales Variables' id 27 'Inflacion mensual', serie historica empalmada de INDEC, via thomasriveros/BCRA_Data)",bcra_data_inflacion_mensual
1982-04-01,4.2,"% variacion mensual del IPC (BCRA 'Principales Variables' id 27 'Inflacion mensual', serie historica empalmada de INDEC, via thomasriveros/BCRA_Data)",bcra_data_inflacion_mensual
1982-05-01,3.1,"% variacion mensual del IPC (BCRA 'Principales Variables' id 27 'Inflacion mensual', serie historica empalmada de INDEC, via thomasriveros/BCRA_Data)",bcra_data_inflacion_mensual
1982-06-01,7.9,"% variacion mensual del IPC (BCRA 'Principales Variables' id 27 'Inflacion mensual', serie historica empalmada de INDEC, via thomasriveros/BCRA_Data)",bcra_data_inflacion_mensual
1982-07-01,16.3,"% variacion mensual del IPC (BCRA 'Principales Variables' id 27 'Inflacion mensual', serie historica empalmada de INDEC, via thomasriveros/BCRA_Data)",bcra_data_inflacion_mensual
1982-08-01,14.7,"% variacion mensual del IPC (BCRA 'Principales Variables' id 27 'Inflacion mensual', serie historica empalmada de INDEC, via thomasriveros/BCRA_Data)",bcra_data_inflacion_mensual
1982-09-01,17.1,"% variacion mensual del IPC (BCRA 'Principales Variables' id 27 'Inflacion mensual', serie historica empalmada de INDEC, via thomasriveros/BCRA_Data)",bcra_data_inflacion_mensual
1982-10-01,12.7,"% variacion mensual del IPC (BCRA 'Principales Variables' id 27 'Inflacion mensual', serie historica empalmada de INDEC, via thomasriveros/BCRA_Data)",bcra_data_inflacion_mensual
1982-11-01,11.3,"% variacion mensual del IPC (BCRA 'Principales Variables' id 27 'Inflacion mensual', serie historica empalmada de INDEC, via thomasriveros/BCRA_Data)",bcra_data_inflacion_mensual
1982-12-01,10.6,"% variacion mensual del IPC (BCRA 'Principales Variables' id 27 'Inflacion mensual', serie historica empalmada de INDEC, via thomasriveros/BCRA_Data)",bcra_data_inflacion_mensual
1983-01-01,16,"% variacion mensual del IPC (BCRA 'Principales Variables' id 27 'Inflacion mensual', serie historica empalmada de INDEC, via thomasriveros/BCRA_Data)",bcra_data_inflacion_mensual
1983-02-01,13,"% variacion mensual del IPC (BCRA 'Principales Variables' id 27 'Inflacion mensual', serie historica empalmada de INDEC, via thomasriveros/BCRA_Data)",bcra_data_inflacion_mensual
1983-03-01,11.3,"% variacion mensual del IPC (BCRA 'Principales Variables' id 27 'Inflacion mensual', serie historica empalmada de INDEC, via thomasriveros/BCRA_Data)",bcra_data_inflacion_mensual
1983-04-01,10.3,"% variacion mensual del IPC (BCRA 'Principales Variables' id 27 'Inflacion mensual', serie historica empalmada de INDEC, via thomasriveros/BCRA_Data)",bcra_data_inflacion_mensual
1983-05-01,9.1,"% variacion mensual del IPC (BCRA 'Principales Variables' id 27 'Inflacion mensual', serie historica empalmada de INDEC, via thomasriveros/BCRA_Data)",bcra_data_inflacion_mensual
1983-06-01,15.8,"% variacion mensual del IPC (BCRA 'Principales Variables' id 27 'Inflacion mensual', serie historica empalmada de INDEC, via thomasriveros/BCRA_Data)",bcra_data_inflacion_mensual
1983-07-01,12.5,"% variacion mensual del IPC (BCRA 'Principales Variables' id 27 'Inflacion mensual', serie historica empalmada de INDEC, via thomasriveros/BCRA_Data)",bcra_data_inflacion_mensual
1983-08-01,17.2,"% variacion mensual del IPC (BCRA 'Principales Variables' id 27 'Inflacion mensual', serie historica empalmada de INDEC, via thomasriveros/BCRA_Data)",bcra_data_inflacion_mensual
1983-09-01,21.4,"% variacion mensual del IPC (BCRA 'Principales Variables' id 27 'Inflacion mensual', serie historica empalmada de INDEC, via thomasriveros/BCRA_Data)",bcra_data_inflacion_mensual
1983-10-01,17,"% variacion mensual del IPC (BCRA 'Principales Variables' id 27 'Inflacion mensual', serie historica empalmada de INDEC, via thomasriveros/BCRA_Data)",bcra_data_inflacion_mensual
1983-11-01,19.2,"% variacion mensual del IPC (BCRA 'Principales Variables' id 27 'Inflacion mensual', serie historica empalmada de INDEC, via thomasriveros/BCRA_Data)",bcra_data_inflacion_mensual
1983-12-01,17.7,"% variacion mensual del IPC (BCRA 'Principales Variables' id 27 'Inflacion mensual', serie historica empalmada de INDEC, via thomasriveros/BCRA_Data)",bcra_data_inflacion_mensual
1984-01-01,12.5,"% variacion mensual del IPC (BCRA 'Principales Variables' id 27 'Inflacion mensual', serie historica empalmada de INDEC, via thomasriveros/BCRA_Data)",bcra_data_inflacion_mensual
1984-02-01,16.9,"% variacion mensual del IPC (BCRA 'Principales Variables' id 27 'Inflacion mensual', serie historica empalmada de INDEC, via thomasriveros/BCRA_Data)",bcra_data_inflacion_mensual
1984-03-01,20.3,"% variacion mensual del IPC (BCRA 'Principales Variables' id 27 'Inflacion mensual', serie historica empalmada de INDEC, via thomasriveros/BCRA_Data)",bcra_data_inflacion_mensual
1984-04-01,18.5,"% variacion mensual del IPC (BCRA 'Principales Variables' id 27 'Inflacion mensual', serie historica empalmada de INDEC, via thomasriveros/BCRA_Data)",bcra_data_inflacion_mensual
1984-05-01,17.1,"% variacion mensual del IPC (BCRA 'Principales Variables' id 27 'Inflacion mensual', serie historica empalmada de INDEC, via thomasriveros/BCRA_Data)",bcra_data_inflacion_mensual
1984-06-01,17.9,"% variacion mensual del IPC (BCRA 'Principales Variables' id 27 'Inflacion mensual', serie historica empalmada de INDEC, via thomasriveros/BCRA_Data)",bcra_data_inflacion_mensual
1984-07-01,18.3,"% variacion mensual del IPC (BCRA 'Principales Variables' id 27 'Inflacion mensual', serie historica empalmada de INDEC, via thomasriveros/BCRA_Data)",bcra_data_inflacion_mensual
1984-08-01,22.8,"% variacion mensual del IPC (BCRA 'Principales Variables' id 27 'Inflacion mensual', serie historica empalmada de INDEC, via thomasriveros/BCRA_Data)",bcra_data_inflacion_mensual
1984-09-01,27.5,"% variacion mensual del IPC (BCRA 'Principales Variables' id 27 'Inflacion mensual', serie historica empalmada de INDEC, via thomasriveros/BCRA_Data)",bcra_data_inflacion_mensual
1984-10-01,19.3,"% variacion mensual del IPC (BCRA 'Principales Variables' id 27 'Inflacion mensual', serie historica empalmada de INDEC, via thomasriveros/BCRA_Data)",bcra_data_inflacion_mensual
1984-11-01,15,"% variacion mensual del IPC (BCRA 'Principales Variables' id 27 'Inflacion mensual', serie historica empalmada de INDEC, via thomasriveros/BCRA_Data)",bcra_data_inflacion_mensual
1984-12-01,19.7,"% variacion mensual del IPC (BCRA 'Principales Variables' id 27 'Inflacion mensual', serie historica empalmada de INDEC, via thomasriveros/BCRA_Data)",bcra_data_inflacion_mensual
1985-01-01,25.1,"% variacion mensual del IPC (BCRA 'Principales Variables' id 27 'Inflacion mensual', serie historica empalmada de INDEC, via thomasriveros/BCRA_Data)",bcra_data_inflacion_mensual
1985-02-01,20.7,"% variacion mensual del IPC (BCRA 'Principales Variables' id 27 'Inflacion mensual', serie historica empalmada de INDEC, via thomasriveros/BCRA_Data)",bcra_data_inflacion_mensual
1985-03-01,26.5,"% variacion mensual del IPC (BCRA 'Principales Variables' id 27 'Inflacion mensual', serie historica empalmada de INDEC, via thomasriveros/BCRA_Data)",bcra_data_inflacion_mensual
1985-04-01,29.5,"% variacion mensual del IPC (BCRA 'Principales Variables' id 27 'Inflacion mensual', serie historica empalmada de INDEC, via thomasriveros/BCRA_Data)",bcra_data_inflacion_mensual
1985-05-01,25.1,"% variacion mensual del IPC (BCRA 'Principales Variables' id 27 'Inflacion mensual', serie historica empalmada de INDEC, via thomasriveros/BCRA_Data)",bcra_data_inflacion_mensual
1985-06-01,30.5,"% variacion mensual del IPC (BCRA 'Principales Variables' id 27 'Inflacion mensual', serie historica empalmada de INDEC, via thomasriveros/BCRA_Data)",bcra_data_inflacion_mensual
1985-07-01,6.2,"% variacion mensual del IPC (BCRA 'Principales Variables' id 27 'Inflacion mensual', serie historica empalmada de INDEC, via thomasriveros/BCRA_Data)",bcra_data_inflacion_mensual
1985-08-01,3.1,"% variacion mensual del IPC (BCRA 'Principales Variables' id 27 'Inflacion mensual', serie historica empalmada de INDEC, via thomasriveros/BCRA_Data)",bcra_data_inflacion_mensual
1985-09-01,2,"% variacion mensual del IPC (BCRA 'Principales Variables' id 27 'Inflacion mensual', serie historica empalmada de INDEC, via thomasriveros/BCRA_Data)",bcra_data_inflacion_mensual
1985-10-01,1.9,"% variacion mensual del IPC (BCRA 'Principales Variables' id 27 'Inflacion mensual', serie historica empalmada de INDEC, via thomasriveros/BCRA_Data)",bcra_data_inflacion_mensual
1985-11-01,2.4,"% variacion mensual del IPC (BCRA 'Principales Variables' id 27 'Inflacion mensual', serie historica empalmada de INDEC, via thomasriveros/BCRA_Data)",bcra_data_inflacion_mensual
1985-12-01,3.2,"% variacion mensual del IPC (BCRA 'Principales Variables' id 27 'Inflacion mensual', serie historica empalmada de INDEC, via thomasriveros/BCRA_Data)",bcra_data_inflacion_mensual
1986-01-01,3,"% variacion mensual del IPC (BCRA 'Principales Variables' id 27 'Inflacion mensual', serie historica empalmada de INDEC, via thomasriveros/BCRA_Data)",bcra_data_inflacion_mensual
1986-02-01,1.7,"% variacion mensual del IPC (BCRA 'Principales Variables' id 27 'Inflacion mensual', serie historica empalmada de INDEC, via thomasriveros/BCRA_Data)",bcra_data_inflacion_mensual
1986-03-01,4.6,"% variacion mensual del IPC (BCRA 'Principales Variables' id 27 'Inflacion mensual', serie historica empalmada de INDEC, via thomasriveros/BCRA_Data)",bcra_data_inflacion_mensual
1986-04-01,4.7,"% variacion mensual del IPC (BCRA 'Principales Variables' id 27 'Inflacion mensual', serie historica empalmada de INDEC, via thomasriveros/BCRA_Data)",bcra_data_inflacion_mensual
1986-05-01,4,"% variacion mensual del IPC (BCRA 'Principales Variables' id 27 'Inflacion mensual', serie historica empalmada de INDEC, via thomasriveros/BCRA_Data)",bcra_data_inflacion_mensual
1986-06-01,4.5,"% variacion mensual del IPC (BCRA 'Principales Variables' id 27 'Inflacion mensual', serie historica empalmada de INDEC, via thomasriveros/BCRA_Data)",bcra_data_inflacion_mensual
1986-07-01,6.8,"% variacion mensual del IPC (BCRA 'Principales Variables' id 27 'Inflacion mensual', serie historica empalmada de INDEC, via thomasriveros/BCRA_Data)",bcra_data_inflacion_mensual
1986-08-01,8.8,"% variacion mensual del IPC (BCRA 'Principales Variables' id 27 'Inflacion mensual', serie historica empalmada de INDEC, via thomasriveros/BCRA_Data)",bcra_data_inflacion_mensual
1986-09-01,7.2,"% variacion mensual del IPC (BCRA 'Principales Variables' id 27 'Inflacion mensual', serie historica empalmada de INDEC, via thomasriveros/BCRA_Data)",bcra_data_inflacion_mensual
1986-10-01,6.1,"% variacion mensual del IPC (BCRA 'Principales Variables' id 27 'Inflacion mensual', serie historica empalmada de INDEC, via thomasriveros/BCRA_Data)",bcra_data_inflacion_mensual
1986-11-01,5.3,"% variacion mensual del IPC (BCRA 'Principales Variables' id 27 'Inflacion mensual', serie historica empalmada de INDEC, via thomasriveros/BCRA_Data)",bcra_data_inflacion_mensual
1986-12-01,4.7,"% variacion mensual del IPC (BCRA 'Principales Variables' id 27 'Inflacion mensual', serie historica empalmada de INDEC, via thomasriveros/BCRA_Data)",bcra_data_inflacion_mensual
1987-01-01,7.6,"% variacion mensual del IPC (BCRA 'Principales Variables' id 27 'Inflacion mensual', serie historica empalmada de INDEC, via thomasriveros/BCRA_Data)",bcra_data_inflacion_mensual
1987-02-01,6.5,"% variacion mensual del IPC (BCRA 'Principales Variables' id 27 'Inflacion mensual', serie historica empalmada de INDEC, via thomasriveros/BCRA_Data)",bcra_data_inflacion_mensual
1987-03-01,8.3,"% variacion mensual del IPC (BCRA 'Principales Variables' id 27 'Inflacion mensual', serie historica empalmada de INDEC, via thomasriveros/BCRA_Data)",bcra_data_inflacion_mensual
1987-04-01,3.3,"% variacion mensual del IPC (BCRA 'Principales Variables' id 27 'Inflacion mensual', serie historica empalmada de INDEC, via thomasriveros/BCRA_Data)",bcra_data_inflacion_mensual
1987-05-01,4.2,"% variacion mensual del IPC (BCRA 'Principales Variables' id 27 'Inflacion mensual', serie historica empalmada de INDEC, via thomasriveros/BCRA_Data)",bcra_data_inflacion_mensual
1987-06-01,8,"% variacion mensual del IPC (BCRA 'Principales Variables' id 27 'Inflacion mensual', serie historica empalmada de INDEC, via thomasriveros/BCRA_Data)",bcra_data_inflacion_mensual
1987-07-01,10.1,"% variacion mensual del IPC (BCRA 'Principales Variables' id 27 'Inflacion mensual', serie historica empalmada de INDEC, via thomasriveros/BCRA_Data)",bcra_data_inflacion_mensual
1987-08-01,13.7,"% variacion mensual del IPC (BCRA 'Principales Variables' id 27 'Inflacion mensual', serie historica empalmada de INDEC, via thomasriveros/BCRA_Data)",bcra_data_inflacion_mensual
1987-09-01,11.7,"% variacion mensual del IPC (BCRA 'Principales Variables' id 27 'Inflacion mensual', serie historica empalmada de INDEC, via thomasriveros/BCRA_Data)",bcra_data_inflacion_mensual
1987-10-01,19.6,"% variacion mensual del IPC (BCRA 'Principales Variables' id 27 'Inflacion mensual', serie historica empalmada de INDEC, via thomasriveros/BCRA_Data)",bcra_data_inflacion_mensual
1987-11-01,10.3,"% variacion mensual del IPC (BCRA 'Principales Variables' id 27 'Inflacion mensual', serie historica empalmada de INDEC, via thomasriveros/BCRA_Data)",bcra_data_inflacion_mensual
1987-12-01,3.4,"% variacion mensual del IPC (BCRA 'Principales Variables' id 27 'Inflacion mensual', serie historica empalmada de INDEC, via thomasriveros/BCRA_Data)",bcra_data_inflacion_mensual
1988-01-01,9.1,"% variacion mensual del IPC (BCRA 'Principales Variables' id 27 'Inflacion mensual', serie historica empalmada de INDEC, via thomasriveros/BCRA_Data)",bcra_data_inflacion_mensual
1988-02-01,10.4,"% variacion mensual del IPC (BCRA 'Principales Variables' id 27 'Inflacion mensual', serie historica empalmada de INDEC, via thomasriveros/BCRA_Data)",bcra_data_inflacion_mensual
1988-03-01,14.8,"% variacion mensual del IPC (BCRA 'Principales Variables' id 27 'Inflacion mensual', serie historica empalmada de INDEC, via thomasriveros/BCRA_Data)",bcra_data_inflacion_mensual
1988-04-01,17.2,"% variacion mensual del IPC (BCRA 'Principales Variables' id 27 'Inflacion mensual', serie historica empalmada de INDEC, via thomasriveros/BCRA_Data)",bcra_data_inflacion_mensual
1988-05-01,15.7,"% variacion mensual del IPC (BCRA 'Principales Variables' id 27 'Inflacion mensual', serie historica empalmada de INDEC, via thomasriveros/BCRA_Data)",bcra_data_inflacion_mensual
1988-06-01,18,"% variacion mensual del IPC (BCRA 'Principales Variables' id 27 'Inflacion mensual', serie historica empalmada de INDEC, via thomasriveros/BCRA_Data)",bcra_data_inflacion_mensual
1988-07-01,25.6,"% variacion mensual del IPC (BCRA 'Principales Variables' id 27 'Inflacion mensual', serie historica empalmada de INDEC, via thomasriveros/BCRA_Data)",bcra_data_inflacion_mensual
1988-08-01,27.6,"% variacion mensual del IPC (BCRA 'Principales Variables' id 27 'Inflacion mensual', serie historica empalmada de INDEC, via thomasriveros/BCRA_Data)",bcra_data_inflacion_mensual
1988-09-01,11.7,"% variacion mensual del IPC (BCRA 'Principales Variables' id 27 'Inflacion mensual', serie historica empalmada de INDEC, via thomasriveros/BCRA_Data)",bcra_data_inflacion_mensual
1988-10-01,9,"% variacion mensual del IPC (BCRA 'Principales Variables' id 27 'Inflacion mensual', serie historica empalmada de INDEC, via thomasriveros/BCRA_Data)",bcra_data_inflacion_mensual
1988-11-01,5.7,"% variacion mensual del IPC (BCRA 'Principales Variables' id 27 'Inflacion mensual', serie historica empalmada de INDEC, via thomasriveros/BCRA_Data)",bcra_data_inflacion_mensual
1988-12-01,6.8,"% variacion mensual del IPC (BCRA 'Principales Variables' id 27 'Inflacion mensual', serie historica empalmada de INDEC, via thomasriveros/BCRA_Data)",bcra_data_inflacion_mensual
1989-01-01,8.9,"% variacion mensual del IPC (BCRA 'Principales Variables' id 27 'Inflacion mensual', serie historica empalmada de INDEC, via thomasriveros/BCRA_Data)",bcra_data_inflacion_mensual
1989-02-01,9.6,"% variacion mensual del IPC (BCRA 'Principales Variables' id 27 'Inflacion mensual', serie historica empalmada de INDEC, via thomasriveros/BCRA_Data)",bcra_data_inflacion_mensual
1989-03-01,17,"% variacion mensual del IPC (BCRA 'Principales Variables' id 27 'Inflacion mensual', serie historica empalmada de INDEC, via thomasriveros/BCRA_Data)",bcra_data_inflacion_mensual
1989-04-01,33.4,"% variacion mensual del IPC (BCRA 'Principales Variables' id 27 'Inflacion mensual', serie historica empalmada de INDEC, via thomasriveros/BCRA_Data)",bcra_data_inflacion_mensual
1989-05-01,78.5,"% variacion mensual del IPC (BCRA 'Principales Variables' id 27 'Inflacion mensual', serie historica empalmada de INDEC, via thomasriveros/BCRA_Data)",bcra_data_inflacion_mensual
1989-06-01,114.5,"% variacion mensual del IPC (BCRA 'Principales Variables' id 27 'Inflacion mensual', serie historica empalmada de INDEC, via thomasriveros/BCRA_Data)",bcra_data_inflacion_mensual
1989-07-01,196.6,"% variacion mensual del IPC (BCRA 'Principales Variables' id 27 'Inflacion mensual', serie historica empalmada de INDEC, via thomasriveros/BCRA_Data)",bcra_data_inflacion_mensual
1989-08-01,37.9,"% variacion mensual del IPC (BCRA 'Principales Variables' id 27 'Inflacion mensual', serie historica empalmada de INDEC, via thomasriveros/BCRA_Data)",bcra_data_inflacion_mensual
1989-09-01,9.4,"% variacion mensual del IPC (BCRA 'Principales Variables' id 27 'Inflacion mensual', serie historica empalmada de INDEC, via thomasriveros/BCRA_Data)",bcra_data_inflacion_mensual
1989-10-01,5.6,"% variacion mensual del IPC (BCRA 'Principales Variables' id 27 'Inflacion mensual', serie historica empalmada de INDEC, via thomasriveros/BCRA_Data)",bcra_data_inflacion_mensual
1989-11-01,6.5,"% variacion mensual del IPC (BCRA 'Principales Variables' id 27 'Inflacion mensual', serie historica empalmada de INDEC, via thomasriveros/BCRA_Data)",bcra_data_inflacion_mensual
1989-12-01,40.1,"% variacion mensual del IPC (BCRA 'Principales Variables' id 27 'Inflacion mensual', serie historica empalmada de INDEC, via thomasriveros/BCRA_Data)",bcra_data_inflacion_mensual
1990-01-01,79.2,"% variacion mensual del IPC (BCRA 'Principales Variables' id 27 'Inflacion mensual', serie historica empalmada de INDEC, via thomasriveros/BCRA_Data)",bcra_data_inflacion_mensual
1990-02-01,61.6,"% variacion mensual del IPC (BCRA 'Principales Variables' id 27 'Inflacion mensual', serie historica empalmada de INDEC, via thomasriveros/BCRA_Data)",bcra_data_inflacion_mensual
1990-03-01,95.5,"% variacion mensual del IPC (BCRA 'Principales Variables' id 27 'Inflacion mensual', serie historica empalmada de INDEC, via thomasriveros/BCRA_Data)",bcra_data_inflacion_mensual
1990-04-01,11.4,"% variacion mensual del IPC (BCRA 'Principales Variables' id 27 'Inflacion mensual', serie historica empalmada de INDEC, via thomasriveros/BCRA_Data)",bcra_data_inflacion_mensual
1990-05-01,13.6,"% variacion mensual del IPC (BCRA 'Principales Variables' id 27 'Inflacion mensual', serie historica empalmada de INDEC, via thomasriveros/BCRA_Data)",bcra_data_inflacion_mensual
1990-06-01,13.9,"% variacion mensual del IPC (BCRA 'Principales Variables' id 27 'Inflacion mensual', serie historica empalmada de INDEC, via thomasriveros/BCRA_Data)",bcra_data_inflacion_mensual
1990-07-01,10.8,"% variacion mensual del IPC (BCRA 'Principales Variables' id 27 'Inflacion mensual', serie historica empalmada de INDEC, via thomasriveros/BCRA_Data)",bcra_data_inflacion_mensual
1990-08-01,15.3,"% variacion mensual del IPC (BCRA 'Principales Variables' id 27 'Inflacion mensual', serie historica empalmada de INDEC, via thomasriveros/BCRA_Data)",bcra_data_inflacion_mensual
1990-09-01,15.7,"% variacion mensual del IPC (BCRA 'Principales Variables' id 27 'Inflacion mensual', serie historica empalmada de INDEC, via thomasriveros/BCRA_Data)",bcra_data_inflacion_mensual
1990-10-01,7.7,"% variacion mensual del IPC (BCRA 'Principales Variables' id 27 'Inflacion mensual', serie historica empalmada de INDEC, via thomasriveros/BCRA_Data)",bcra_data_inflacion_mensual
1990-11-01,6.2,"% variacion mensual del IPC (BCRA 'Principales Variables' id 27 'Inflacion mensual', serie historica empalmada de INDEC, via thomasriveros/BCRA_Data)",bcra_data_inflacion_mensual
1990-12-01,4.7,"% variacion mensual del IPC (BCRA 'Principales Variables' id 27 'Inflacion mensual', serie historica empalmada de INDEC, via thomasriveros/BCRA_Data)",bcra_data_inflacion_mensual
1991-01-01,7.7,"% variacion mensual del IPC (BCRA 'Principales Variables' id 27 'Inflacion mensual', serie historica empalmada de INDEC, via thomasriveros/BCRA_Data)",bcra_data_inflacion_mensual
1991-02-01,27,"% variacion mensual del IPC (BCRA 'Principales Variables' id 27 'Inflacion mensual', serie historica empalmada de INDEC, via thomasriveros/BCRA_Data)",bcra_data_inflacion_mensual
1991-03-01,11,"% variacion mensual del IPC (BCRA 'Principales Variables' id 27 'Inflacion mensual', serie historica empalmada de INDEC, via thomasriveros/BCRA_Data)",bcra_data_inflacion_mensual
1991-04-01,5.5,"% variacion mensual del IPC (BCRA 'Principales Variables' id 27 'Inflacion mensual', serie historica empalmada de INDEC, via thomasriveros/BCRA_Data)",bcra_data_inflacion_mensual
1991-05-01,2.8,"% variacion mensual del IPC (BCRA 'Principales Variables' id 27 'Inflacion mensual', serie historica empalmada de INDEC, via thomasriveros/BCRA_Data)",bcra_data_inflacion_mensual
1991-06-01,3.1,"% variacion mensual del IPC (BCRA 'Principales Variables' id 27 'Inflacion mensual', serie historica empalmada de INDEC, via thomasriveros/BCRA_Data)",bcra_data_inflacion_mensual
1991-07-01,2.6,"% variacion mensual del IPC (BCRA 'Principales Variables' id 27 'Inflacion mensual', serie historica empalmada de INDEC, via thomasriveros/BCRA_Data)",bcra_data_inflacion_mensual
1991-08-01,1.3,"% variacion mensual del IPC (BCRA 'Principales Variables' id 27 'Inflacion mensual', serie historica empalmada de INDEC, via thomasriveros/BCRA_Data)",bcra_data_inflacion_mensual
1991-09-01,1.8,"% variacion mensual del IPC (BCRA 'Principales Variables' id 27 'Inflacion mensual', serie historica empalmada de INDEC, via thomasriveros/BCRA_Data)",bcra_data_inflacion_mensual
1991-10-01,1.4,"% variacion mensual del IPC (BCRA 'Principales Variables' id 27 'Inflacion mensual', serie historica empalmada de INDEC, via thomasriveros/BCRA_Data)",bcra_data_inflacion_mensual
1991-11-01,0.4,"% variacion mensual del IPC (BCRA 'Principales Variables' id 27 'Inflacion mensual', serie historica empalmada de INDEC, via thomasriveros/BCRA_Data)",bcra_data_inflacion_mensual
1991-12-01,0.6,"% variacion mensual del IPC (BCRA 'Principales Variables' id 27 'Inflacion mensual', serie historica empalmada de INDEC, via thomasriveros/BCRA_Data)",bcra_data_inflacion_mensual
1992-01-01,3,"% variacion mensual del IPC (BCRA 'Principales Variables' id 27 'Inflacion mensual', serie historica empalmada de INDEC, via thomasriveros/BCRA_Data)",bcra_data_inflacion_mensual
1992-02-01,2.2,"% variacion mensual del IPC (BCRA 'Principales Variables' id 27 'Inflacion mensual', serie historica empalmada de INDEC, via thomasriveros/BCRA_Data)",bcra_data_inflacion_mensual
1992-03-01,2.1,"% variacion mensual del IPC (BCRA 'Principales Variables' id 27 'Inflacion mensual', serie historica empalmada de INDEC, via thomasriveros/BCRA_Data)",bcra_data_inflacion_mensual
1992-04-01,1.3,"% variacion mensual del IPC (BCRA 'Principales Variables' id 27 'Inflacion mensual', serie historica empalmada de INDEC, via thomasriveros/BCRA_Data)",bcra_data_inflacion_mensual
1992-05-01,0.7,"% variacion mensual del IPC (BCRA 'Principales Variables' id 27 'Inflacion mensual', serie historica empalmada de INDEC, via thomasriveros/BCRA_Data)",bcra_data_inflacion_mensual
1992-06-01,0.8,"% variacion mensual del IPC (BCRA 'Principales Variables' id 27 'Inflacion mensual', serie historica empalmada de INDEC, via thomasriveros/BCRA_Data)",bcra_data_inflacion_mensual
1992-07-01,1.7,"% variacion mensual del IPC (BCRA 'Principales Variables' id 27 'Inflacion mensual', serie historica empalmada de INDEC, via thomasriveros/BCRA_Data)",bcra_data_inflacion_mensual
1992-08-01,1.5,"% variacion mensual del IPC (BCRA 'Principales Variables' id 27 'Inflacion mensual', serie historica empalmada de INDEC, via thomasriveros/BCRA_Data)",bcra_data_inflacion_mensual
1992-09-01,1,"% variacion mensual del IPC (BCRA 'Principales Variables' id 27 'Inflacion mensual', serie historica empalmada de INDEC, via thomasriveros/BCRA_Data)",bcra_data_inflacion_mensual
1992-10-01,1.3,"% variacion mensual del IPC (BCRA 'Principales Variables' id 27 'Inflacion mensual', serie historica empalmada de INDEC, via thomasriveros/BCRA_Data)",bcra_data_inflacion_mensual
1992-11-01,0.5,"% variacion mensual del IPC (BCRA 'Principales Variables' id 27 'Inflacion mensual', serie historica empalmada de INDEC, via thomasriveros/BCRA_Data)",bcra_data_inflacion_mensual
1992-12-01,0.3,"% variacion mensual del IPC (BCRA 'Principales Variables' id 27 'Inflacion mensual', serie historica empalmada de INDEC, via thomasriveros/BCRA_Data)",bcra_data_inflacion_mensual
1993-01-01,0.8,"% variacion mensual del IPC (BCRA 'Principales Variables' id 27 'Inflacion mensual', serie historica empalmada de INDEC, via thomasriveros/BCRA_Data)",bcra_data_inflacion_mensual
1993-02-01,0.7,"% variacion mensual del IPC (BCRA 'Principales Variables' id 27 'Inflacion mensual', serie historica empalmada de INDEC, via thomasriveros/BCRA_Data)",bcra_data_inflacion_mensual
1993-03-01,0.8,"% variacion mensual del IPC (BCRA 'Principales Variables' id 27 'Inflacion mensual', serie historica empalmada de INDEC, via thomasriveros/BCRA_Data)",bcra_data_inflacion_mensual
1993-04-01,1,"% variacion mensual del IPC (BCRA 'Principales Variables' id 27 'Inflacion mensual', serie historica empalmada de INDEC, via thomasriveros/BCRA_Data)",bcra_data_inflacion_mensual
1993-05-01,1.3,"% variacion mensual del IPC (BCRA 'Principales Variables' id 27 'Inflacion mensual', serie historica empalmada de INDEC, via thomasriveros/BCRA_Data)",bcra_data_inflacion_mensual
1993-06-01,0.7,"% variacion mensual del IPC (BCRA 'Principales Variables' id 27 'Inflacion mensual', serie historica empalmada de INDEC, via thomasriveros/BCRA_Data)",bcra_data_inflacion_mensual
1993-07-01,0.3,"% variacion mensual del IPC (BCRA 'Principales Variables' id 27 'Inflacion mensual', serie historica empalmada de INDEC, via thomasriveros/BCRA_Data)",bcra_data_inflacion_mensual
1993-08-01,0,"% variacion mensual del IPC (BCRA 'Principales Variables' id 27 'Inflacion mensual', serie historica empalmada de INDEC, via thomasriveros/BCRA_Data)",bcra_data_inflacion_mensual
1993-09-01,0.8,"% variacion mensual del IPC (BCRA 'Principales Variables' id 27 'Inflacion mensual', serie historica empalmada de INDEC, via thomasriveros/BCRA_Data)",bcra_data_inflacion_mensual
1993-10-01,0.6,"% variacion mensual del IPC (BCRA 'Principales Variables' id 27 'Inflacion mensual', serie historica empalmada de INDEC, via thomasriveros/BCRA_Data)",bcra_data_inflacion_mensual
1993-11-01,0.1,"% variacion mensual del IPC (BCRA 'Principales Variables' id 27 'Inflacion mensual', serie historica empalmada de INDEC, via thomasriveros/BCRA_Data)",bcra_data_inflacion_mensual
1993-12-01,0,"% variacion mensual del IPC (BCRA 'Principales Variables' id 27 'Inflacion mensual', serie historica empalmada de INDEC, via thomasriveros/BCRA_Data)",bcra_data_inflacion_mensual
1994-01-01,0.1,"% variacion mensual del IPC (BCRA 'Principales Variables' id 27 'Inflacion mensual', serie historica empalmada de INDEC, via thomasriveros/BCRA_Data)",bcra_data_inflacion_mensual
1994-02-01,0,"% variacion mensual del IPC (BCRA 'Principales Variables' id 27 'Inflacion mensual', serie historica empalmada de INDEC, via thomasriveros/BCRA_Data)",bcra_data_inflacion_mensual
1994-03-01,0.1,"% variacion mensual del IPC (BCRA 'Principales Variables' id 27 'Inflacion mensual', serie historica empalmada de INDEC, via thomasriveros/BCRA_Data)",bcra_data_inflacion_mensual
1994-04-01,0.2,"% variacion mensual del IPC (BCRA 'Principales Variables' id 27 'Inflacion mensual', serie historica empalmada de INDEC, via thomasriveros/BCRA_Data)",bcra_data_inflacion_mensual
1994-05-01,0.3,"% variacion mensual del IPC (BCRA 'Principales Variables' id 27 'Inflacion mensual', serie historica empalmada de INDEC, via thomasriveros/BCRA_Data)",bcra_data_inflacion_mensual
1994-06-01,0.4,"% variacion mensual del IPC (BCRA 'Principales Variables' id 27 'Inflacion mensual', serie historica empalmada de INDEC, via thomasriveros/BCRA_Data)",bcra_data_inflacion_mensual
1994-07-01,0.9,"% variacion mensual del IPC (BCRA 'Principales Variables' id 27 'Inflacion mensual', serie historica empalmada de INDEC, via thomasriveros/BCRA_Data)",bcra_data_inflacion_mensual
1994-08-01,0.2,"% variacion mensual del IPC (BCRA 'Principales Variables' id 27 'Inflacion mensual', serie historica empalmada de INDEC, via thomasriveros/BCRA_Data)",bcra_data_inflacion_mensual
1994-09-01,0.7,"% variacion mensual del IPC (BCRA 'Principales Variables' id 27 'Inflacion mensual', serie historica empalmada de INDEC, via thomasriveros/BCRA_Data)",bcra_data_inflacion_mensual
1994-10-01,0.3,"% variacion mensual del IPC (BCRA 'Principales Variables' id 27 'Inflacion mensual', serie historica empalmada de INDEC, via thomasriveros/BCRA_Data)",bcra_data_inflacion_mensual
1994-11-01,0.2,"% variacion mensual del IPC (BCRA 'Principales Variables' id 27 'Inflacion mensual', serie historica empalmada de INDEC, via thomasriveros/BCRA_Data)",bcra_data_inflacion_mensual
1994-12-01,0.2,"% variacion mensual del IPC (BCRA 'Principales Variables' id 27 'Inflacion mensual', serie historica empalmada de INDEC, via thomasriveros/BCRA_Data)",bcra_data_inflacion_mensual
1995-01-01,1.2,"% variacion mensual del IPC (BCRA 'Principales Variables' id 27 'Inflacion mensual', serie historica empalmada de INDEC, via thomasriveros/BCRA_Data)",bcra_data_inflacion_mensual
1995-02-01,0,"% variacion mensual del IPC (BCRA 'Principales Variables' id 27 'Inflacion mensual', serie historica empalmada de INDEC, via thomasriveros/BCRA_Data)",bcra_data_inflacion_mensual
1995-03-01,-0.4,"% variacion mensual del IPC (BCRA 'Principales Variables' id 27 'Inflacion mensual', serie historica empalmada de INDEC, via thomasriveros/BCRA_Data)",bcra_data_inflacion_mensual
1995-04-01,0.5,"% variacion mensual del IPC (BCRA 'Principales Variables' id 27 'Inflacion mensual', serie historica empalmada de INDEC, via thomasriveros/BCRA_Data)",bcra_data_inflacion_mensual
1995-05-01,0,"% variacion mensual del IPC (BCRA 'Principales Variables' id 27 'Inflacion mensual', serie historica empalmada de INDEC, via thomasriveros/BCRA_Data)",bcra_data_inflacion_mensual
1995-06-01,-0.2,"% variacion mensual del IPC (BCRA 'Principales Variables' id 27 'Inflacion mensual', serie historica empalmada de INDEC, via thomasriveros/BCRA_Data)",bcra_data_inflacion_mensual
1995-07-01,0.4,"% variacion mensual del IPC (BCRA 'Principales Variables' id 27 'Inflacion mensual', serie historica empalmada de INDEC, via thomasriveros/BCRA_Data)",bcra_data_inflacion_mensual
1995-08-01,-0.2,"% variacion mensual del IPC (BCRA 'Principales Variables' id 27 'Inflacion mensual', serie historica empalmada de INDEC, via thomasriveros/BCRA_Data)",bcra_data_inflacion_mensual
1995-09-01,0.2,"% variacion mensual del IPC (BCRA 'Principales Variables' id 27 'Inflacion mensual', serie historica empalmada de INDEC, via thomasriveros/BCRA_Data)",bcra_data_inflacion_mensual
1995-10-01,0.3,"% variacion mensual del IPC (BCRA 'Principales Variables' id 27 'Inflacion mensual', serie historica empalmada de INDEC, via thomasriveros/BCRA_Data)",bcra_data_inflacion_mensual
1995-11-01,-0.2,"% variacion mensual del IPC (BCRA 'Principales Variables' id 27 'Inflacion mensual', serie historica empalmada de INDEC, via thomasriveros/BCRA_Data)",bcra_data_inflacion_mensual
1995-12-01,0.1,"% variacion mensual del IPC (BCRA 'Principales Variables' id 27 'Inflacion mensual', serie historica empalmada de INDEC, via thomasriveros/BCRA_Data)",bcra_data_inflacion_mensual
1996-01-01,0.3,"% variacion mensual del IPC (BCRA 'Principales Variables' id 27 'Inflacion mensual', serie historica empalmada de INDEC, via thomasriveros/BCRA_Data)",bcra_data_inflacion_mensual
1996-02-01,-0.3,"% variacion mensual del IPC (BCRA 'Principales Variables' id 27 'Inflacion mensual', serie historica empalmada de INDEC, via thomasriveros/BCRA_Data)",bcra_data_inflacion_mensual
1996-03-01,-0.5,"% variacion mensual del IPC (BCRA 'Principales Variables' id 27 'Inflacion mensual', serie historica empalmada de INDEC, via thomasriveros/BCRA_Data)",bcra_data_inflacion_mensual
1996-04-01,0,"% variacion mensual del IPC (BCRA 'Principales Variables' id 27 'Inflacion mensual', serie historica empalmada de INDEC, via thomasriveros/BCRA_Data)",bcra_data_inflacion_mensual
1996-05-01,-0.1,"% variacion mensual del IPC (BCRA 'Principales Variables' id 27 'Inflacion mensual', serie historica empalmada de INDEC, via thomasriveros/BCRA_Data)",bcra_data_inflacion_mensual
1996-06-01,0,"% variacion mensual del IPC (BCRA 'Principales Variables' id 27 'Inflacion mensual', serie historica empalmada de INDEC, via thomasriveros/BCRA_Data)",bcra_data_inflacion_mensual
1996-07-01,0.5,"% variacion mensual del IPC (BCRA 'Principales Variables' id 27 'Inflacion mensual', serie historica empalmada de INDEC, via thomasriveros/BCRA_Data)",bcra_data_inflacion_mensual
1996-08-01,-0.1,"% variacion mensual del IPC (BCRA 'Principales Variables' id 27 'Inflacion mensual', serie historica empalmada de INDEC, via thomasriveros/BCRA_Data)",bcra_data_inflacion_mensual
1996-09-01,0.2,"% variacion mensual del IPC (BCRA 'Principales Variables' id 27 'Inflacion mensual', serie historica empalmada de INDEC, via thomasriveros/BCRA_Data)",bcra_data_inflacion_mensual
1996-10-01,0.5,"% variacion mensual del IPC (BCRA 'Principales Variables' id 27 'Inflacion mensual', serie historica empalmada de INDEC, via thomasriveros/BCRA_Data)",bcra_data_inflacion_mensual
1996-11-01,-0.2,"% variacion mensual del IPC (BCRA 'Principales Variables' id 27 'Inflacion mensual', serie historica empalmada de INDEC, via thomasriveros/BCRA_Data)",bcra_data_inflacion_mensual
1996-12-01,-0.3,"% variacion mensual del IPC (BCRA 'Principales Variables' id 27 'Inflacion mensual', serie historica empalmada de INDEC, via thomasriveros/BCRA_Data)",bcra_data_inflacion_mensual
1997-01-01,0.5,"% variacion mensual del IPC (BCRA 'Principales Variables' id 27 'Inflacion mensual', serie historica empalmada de INDEC, via thomasriveros/BCRA_Data)",bcra_data_inflacion_mensual
1997-02-01,0.38450928399562656,"% variacion mensual (IPC nacional empalmado: indices provinciales hasta dic-2016, INDEC desde ene-2017)",jmtelechea_ipc_nacional
1997-03-01,-0.49295845785939374,"% variacion mensual (IPC nacional empalmado: indices provinciales hasta dic-2016, INDEC desde ene-2017)",jmtelechea_ipc_nacional
1997-04-01,-0.3305087572500254,"% variacion mensual (IPC nacional empalmado: indices provinciales hasta dic-2016, INDEC desde ene-2017)",jmtelechea_ipc_nacional
1997-05-01,-0.08297913382403488,"% variacion mensual (IPC nacional empalmado: indices provinciales hasta dic-2016, INDEC desde ene-2017)",jmtelechea_ipc_nacional
1997-06-01,0.22769560810624867,"% variacion mensual (IPC nacional empalmado: indices provinciales hasta dic-2016, INDEC desde ene-2017)",jmtelechea_ipc_nacional
1997-07-01,0.22221756357365674,"% variacion mensual (IPC nacional empalmado: indices provinciales hasta dic-2016, INDEC desde ene-2017)",jmtelechea_ipc_nacional
1997-08-01,0.16456432599107895,"% variacion mensual (IPC nacional empalmado: indices provinciales hasta dic-2016, INDEC desde ene-2017)",jmtelechea_ipc_nacional
1997-09-01,-0.04788633322776459,"% variacion mensual (IPC nacional empalmado: indices provinciales hasta dic-2016, INDEC desde ene-2017)",jmtelechea_ipc_nacional
1997-10-01,-0.15665671039111206,"% variacion mensual (IPC nacional empalmado: indices provinciales hasta dic-2016, INDEC desde ene-2017)",jmtelechea_ipc_nacional
1997-11-01,-0.1932637793678249,"% variacion mensual (IPC nacional empalmado: indices provinciales hasta dic-2016, INDEC desde ene-2017)",jmtelechea_ipc_nacional
1997-12-01,0.17038816449961303,"% variacion mensual (IPC nacional empalmado: indices provinciales hasta dic-2016, INDEC desde ene-2017)",jmtelechea_ipc_nacional
1998-01-01,0.6285846442316556,"% variacion mensual (IPC nacional empalmado: indices provinciales hasta dic-2016, INDEC desde ene-2017)",jmtelechea_ipc_nacional
1998-02-01,0.3486775337247172,"% variacion mensual (IPC nacional empalmado: indices provinciales hasta dic-2016, INDEC desde ene-2017)",jmtelechea_ipc_nacional
1998-03-01,-0.1256180599413459,"% variacion mensual (IPC nacional empalmado: indices provinciales hasta dic-2016, INDEC desde ene-2017)",jmtelechea_ipc_nacional
1998-04-01,0.011281008904506784,"% variacion mensual (IPC nacional empalmado: indices provinciales hasta dic-2016, INDEC desde ene-2017)",jmtelechea_ipc_nacional
1998-05-01,-0.07221907754723089,"% variacion mensual (IPC nacional empalmado: indices provinciales hasta dic-2016, INDEC desde ene-2017)",jmtelechea_ipc_nacional
1998-06-01,0.190907184360678,"% variacion mensual (IPC nacional empalmado: indices provinciales hasta dic-2016, INDEC desde ene-2017)",jmtelechea_ipc_nacional
1998-07-01,0.312544570436013,"% variacion mensual (IPC nacional empalmado: indices provinciales hasta dic-2016, INDEC desde ene-2017)",jmtelechea_ipc_nacional
1998-08-01,0.020191750022746646,"% variacion mensual (IPC nacional empalmado: indices provinciales hasta dic-2016, INDEC desde ene-2017)",jmtelechea_ipc_nacional
1998-09-01,-0.030925798128922377,"% variacion mensual (IPC nacional empalmado: indices provinciales hasta dic-2016, INDEC desde ene-2017)",jmtelechea_ipc_nacional
1998-10-01,-0.3658434285881418,"% variacion mensual (IPC nacional empalmado: indices provinciales hasta dic-2016, INDEC desde ene-2017)",jmtelechea_ipc_nacional
1998-11-01,-0.2374464780275698,"% variacion mensual (IPC nacional empalmado: indices provinciales hasta dic-2016, INDEC desde ene-2017)",jmtelechea_ipc_nacional
1998-12-01,-0.013544205776372387,"% variacion mensual (IPC nacional empalmado: indices provinciales hasta dic-2016, INDEC desde ene-2017)",jmtelechea_ipc_nacional
1999-01-01,0.4714145607176423,"% variacion mensual (IPC nacional empalmado: indices provinciales hasta dic-2016, INDEC desde ene-2017)",jmtelechea_ipc_nacional
1999-02-01,-0.16064233987118648,"% variacion mensual (IPC nacional empalmado: indices provinciales hasta dic-2016, INDEC desde ene-2017)",jmtelechea_ipc_nacional
1999-03-01,-0.7508157404504945,"% variacion mensual (IPC nacional empalmado: indices provinciales hasta dic-2016, INDEC desde ene-2017)",jmtelechea_ipc_nacional
1999-04-01,-0.09793251961386362,"% variacion mensual (IPC nacional empalmado: indices provinciales hasta dic-2016, INDEC desde ene-2017)",jmtelechea_ipc_nacional
1999-05-01,-0.4923573561851802,"% variacion mensual (IPC nacional empalmado: indices provinciales hasta dic-2016, INDEC desde ene-2017)",jmtelechea_ipc_nacional
1999-06-01,-0.0060738934909987385,"% variacion mensual (IPC nacional empalmado: indices provinciales hasta dic-2016, INDEC desde ene-2017)",jmtelechea_ipc_nacional
1999-07-01,0.18586827005011575,"% variacion mensual (IPC nacional empalmado: indices provinciales hasta dic-2016, INDEC desde ene-2017)",jmtelechea_ipc_nacional
1999-08-01,-0.3764246736415289,"% variacion mensual (IPC nacional empalmado: indices provinciales hasta dic-2016, INDEC desde ene-2017)",jmtelechea_ipc_nacional
1999-09-01,-0.1992299249642726,"% variacion mensual (IPC nacional empalmado: indices provinciales hasta dic-2016, INDEC desde ene-2017)",jmtelechea_ipc_nacional
1999-10-01,-0.015641919090392253,"% variacion mensual (IPC nacional empalmado: indices provinciales hasta dic-2016, INDEC desde ene-2017)",jmtelechea_ipc_nacional
1999-11-01,-0.3160830350317556,"% variacion mensual (IPC nacional empalmado: indices provinciales hasta dic-2016, INDEC desde ene-2017)",jmtelechea_ipc_nacional
1999-12-01,-0.062189198063544726,"% variacion mensual (IPC nacional empalmado: indices provinciales hasta dic-2016, INDEC desde ene-2017)",jmtelechea_ipc_nacional
2000-01-01,0.8452343138210416,"% variacion mensual (IPC nacional empalmado: indices provinciales hasta dic-2016, INDEC desde ene-2017)",jmtelechea_ipc_nacional
2000-02-01,0.0040957371277627885,"% variacion mensual (IPC nacional empalmado: indices provinciales hasta dic-2016, INDEC desde ene-2017)",jmtelechea_ipc_nacional
2000-03-01,-0.5283492402193279,"% variacion mensual (IPC nacional empalmado: indices provinciales hasta dic-2016, INDEC desde ene-2017)",jmtelechea_ipc_nacional
2000-04-01,-0.11244263440179925,"% variacion mensual (IPC nacional empalmado: indices provinciales hasta dic-2016, INDEC desde ene-2017)",jmtelechea_ipc_nacional
2000-05-01,-0.3886985534640952,"% variacion mensual (IPC nacional empalmado: indices provinciales hasta dic-2016, INDEC desde ene-2017)",jmtelechea_ipc_nacional
2000-06-01,-0.184888582678977,"% variacion mensual (IPC nacional empalmado: indices provinciales hasta dic-2016, INDEC desde ene-2017)",jmtelechea_ipc_nacional
2000-07-01,0.4343102121405984,"% variacion mensual (IPC nacional empalmado: indices provinciales hasta dic-2016, INDEC desde ene-2017)",jmtelechea_ipc_nacional
2000-08-01,-0.21514744451678336,"% variacion mensual (IPC nacional empalmado: indices provinciales hasta dic-2016, INDEC desde ene-2017)",jmtelechea_ipc_nacional
2000-09-01,-0.1535611251184399,"% variacion mensual (IPC nacional empalmado: indices provinciales hasta dic-2016, INDEC desde ene-2017)",jmtelechea_ipc_nacional
2000-10-01,0.17920234870569818,"% variacion mensual (IPC nacional empalmado: indices provinciales hasta dic-2016, INDEC desde ene-2017)",jmtelechea_ipc_nacional
2000-11-01,-0.4915732843270737,"% variacion mensual (IPC nacional empalmado: indices provinciales hasta dic-2016, INDEC desde ene-2017)",jmtelechea_ipc_nacional
2000-12-01,-0.11179171593677095,"% variacion mensual (IPC nacional empalmado: indices provinciales hasta dic-2016, INDEC desde ene-2017)",jmtelechea_ipc_nacional
2001-01-01,0.08042636109157897,"% variacion mensual (IPC nacional empalmado: indices provinciales hasta dic-2016, INDEC desde ene-2017)",jmtelechea_ipc_nacional
2001-02-01,-0.22779004822961468,"% variacion mensual (IPC nacional empalmado: indices provinciales hasta dic-2016, INDEC desde ene-2017)",jmtelechea_ipc_nacional
2001-03-01,0.19053340045427358,"% variacion mensual (IPC nacional empalmado: indices provinciales hasta dic-2016, INDEC desde ene-2017)",jmtelechea_ipc_nacional
2001-04-01,0.668448746281447,"% variacion mensual (IPC nacional empalmado: indices provinciales hasta dic-2016, INDEC desde ene-2017)",jmtelechea_ipc_nacional
2001-05-01,0.06471703284818275,"% variacion mensual (IPC nacional empalmado: indices provinciales hasta dic-2016, INDEC desde ene-2017)",jmtelechea_ipc_nacional
2001-06-01,-0.721277022477329,"% variacion mensual (IPC nacional empalmado: indices provinciales hasta dic-2016, INDEC desde ene-2017)",jmtelechea_ipc_nacional
2001-07-01,-0.3270762980298936,"% variacion mensual (IPC nacional empalmado: indices provinciales hasta dic-2016, INDEC desde ene-2017)",jmtelechea_ipc_nacional
2001-08-01,-0.35765213982364985,"% variacion mensual (IPC nacional empalmado: indices provinciales hasta dic-2016, INDEC desde ene-2017)",jmtelechea_ipc_nacional
2001-09-01,-0.07571087881647065,"% variacion mensual (IPC nacional empalmado: indices provinciales hasta dic-2016, INDEC desde ene-2017)",jmtelechea_ipc_nacional
2001-10-01,-0.44116602264367977,"% variacion mensual (IPC nacional empalmado: indices provinciales hasta dic-2016, INDEC desde ene-2017)",jmtelechea_ipc_nacional
2001-11-01,-0.32796075922828516,"% variacion mensual (IPC nacional empalmado: indices provinciales hasta dic-2016, INDEC desde ene-2017)",jmtelechea_ipc_nacional
2001-12-01,-0.07603286368812467,"% variacion mensual (IPC nacional empalmado: indices provinciales hasta dic-2016, INDEC desde ene-2017)",jmtelechea_ipc_nacional
2002-01-01,2.292610962769226,"% variacion mensual (IPC nacional empalmado: indices provinciales hasta dic-2016, INDEC desde ene-2017)",jmtelechea_ipc_nacional
2002-02-01,3.1404794719924967,"% variacion mensual (IPC nacional empalmado: indices provinciales hasta dic-2016, INDEC desde ene-2017)",jmtelechea_ipc_nacional
2002-03-01,3.955480938716094,"% variacion mensual (IPC nacional empalmado: indices provinciales hasta dic-2016, INDEC desde ene-2017)",jmtelechea_ipc_nacional
2002-04-01,10.388640053201016,"% variacion mensual (IPC nacional empalmado: indices provinciales hasta dic-2016, INDEC desde ene-2017)",jmtelechea_ipc_nacional
2002-05-01,4.010744457674242,"% variacion mensual (IPC nacional empalmado: indices provinciales hasta dic-2016, INDEC desde ene-2017)",jmtelechea_ipc_nacional
2002-06-01,3.622023099723526,"% variacion mensual (IPC nacional empalmado: indices provinciales hasta dic-2016, INDEC desde ene-2017)",jmtelechea_ipc_nacional
2002-07-01,3.1886526315096475,"% variacion mensual (IPC nacional empalmado: indices provinciales hasta dic-2016, INDEC desde ene-2017)",jmtelechea_ipc_nacional
2002-08-01,2.341965147735525,"% variacion mensual (IPC nacional empalmado: indices provinciales hasta dic-2016, INDEC desde ene-2017)",jmtelechea_ipc_nacional
2002-09-01,1.3507623237402289,"% variacion mensual (IPC nacional empalmado: indices provinciales hasta dic-2016, INDEC desde ene-2017)",jmtelechea_ipc_nacional
2002-10-01,0.21856832372098012,"% variacion mensual (IPC nacional empalmado: indices provinciales hasta dic-2016, INDEC desde ene-2017)",jmtelechea_ipc_nacional
2002-11-01,0.5091359402158213,"% variacion mensual (IPC nacional empalmado: indices provinciales hasta dic-2016, INDEC desde ene-2017)",jmtelechea_ipc_nacional
2002-12-01,0.18725221103941259,"% variacion mensual (IPC nacional empalmado: indices provinciales hasta dic-2016, INDEC desde ene-2017)",jmtelechea_ipc_nacional
2003-01-01,1.3192740644239365,"% variacion mensual (IPC nacional empalmado: indices provinciales hasta dic-2016, INDEC desde ene-2017)",jmtelechea_ipc_nacional
2003-02-01,0.5660241311350234,"% variacion mensual (IPC nacional empalmado: indices provinciales hasta dic-2016, INDEC desde ene-2017)",jmtelechea_ipc_nacional
2003-03-01,0.5837505825550648,"% variacion mensual (IPC nacional empalmado: indices provinciales hasta dic-2016, INDEC desde ene-2017)",jmtelechea_ipc_nacional
2003-04-01,0.05524435230501723,"% variacion mensual (IPC nacional empalmado: indices provinciales hasta dic-2016, INDEC desde ene-2017)",jmtelechea_ipc_nacional
2003-05-01,-0.383528461849203,"% variacion mensual (IPC nacional empalmado: indices provinciales hasta dic-2016, INDEC desde ene-2017)",jmtelechea_ipc_nacional
2003-06-01,-0.08567256689913094,"% variacion mensual (IPC nacional empalmado: indices provinciales hasta dic-2016, INDEC desde ene-2017)",jmtelechea_ipc_nacional
2003-07-01,0.4440898618368827,"% variacion mensual (IPC nacional empalmado: indices provinciales hasta dic-2016, INDEC desde ene-2017)",jmtelechea_ipc_nacional
2003-08-01,0.024348130761486786,"% variacion mensual (IPC nacional empalmado: indices provinciales hasta dic-2016, INDEC desde ene-2017)",jmtelechea_ipc_nacional
2003-09-01,0.0396302953568517,"% variacion mensual (IPC nacional empalmado: indices provinciales hasta dic-2016, INDEC desde ene-2017)",jmtelechea_ipc_nacional
2003-10-01,0.5894711228882965,"% variacion mensual (IPC nacional empalmado: indices provinciales hasta dic-2016, INDEC desde ene-2017)",jmtelechea_ipc_nacional
2003-11-01,0.2466196732292314,"% variacion mensual (IPC nacional empalmado: indices provinciales hasta dic-2016, INDEC desde ene-2017)",jmtelechea_ipc_nacional
2003-12-01,0.21231859854982105,"% variacion mensual (IPC nacional empalmado: indices provinciales hasta dic-2016, INDEC desde ene-2017)",jmtelechea_ipc_nacional
2004-01-01,0.4203605439580871,"% variacion mensual (IPC nacional empalmado: indices provinciales hasta dic-2016, INDEC desde ene-2017)",jmtelechea_ipc_nacional
2004-02-01,0.10059288393080568,"% variacion mensual (IPC nacional empalmado: indices provinciales hasta dic-2016, INDEC desde ene-2017)",jmtelechea_ipc_nacional
2004-03-01,0.5933105766154023,"% variacion mensual (IPC nacional empalmado: indices provinciales hasta dic-2016, INDEC desde ene-2017)",jmtelechea_ipc_nacional
2004-04-01,0.857999549873556,"% variacion mensual (IPC nacional empalmado: indices provinciales hasta dic-2016, INDEC desde ene-2017)",jmtelechea_ipc_nacional
2004-05-01,0.7306321299616059,"% variacion mensual (IPC nacional empalmado: indices provinciales hasta dic-2016, INDEC desde ene-2017)",jmtelechea_ipc_nacional
2004-06-01,0.5659738251401647,"% variacion mensual (IPC nacional empalmado: indices provinciales hasta dic-2016, INDEC desde ene-2017)",jmtelechea_ipc_nacional
2004-07-01,0.46088974602029875,"% variacion mensual (IPC nacional empalmado: indices provinciales hasta dic-2016, INDEC desde ene-2017)",jmtelechea_ipc_nacional
2004-08-01,0.3434802413976312,"% variacion mensual (IPC nacional empalmado: indices provinciales hasta dic-2016, INDEC desde ene-2017)",jmtelechea_ipc_nacional
2004-09-01,0.6293440103765091,"% variacion mensual (IPC nacional empalmado: indices provinciales hasta dic-2016, INDEC desde ene-2017)",jmtelechea_ipc_nacional
2004-10-01,0.39578353932776533,"% variacion mensual (IPC nacional empalmado: indices provinciales hasta dic-2016, INDEC desde ene-2017)",jmtelechea_ipc_nacional
2004-11-01,0.0022327689545464935,"% variacion mensual (IPC nacional empalmado: indices provinciales hasta dic-2016, INDEC desde ene-2017)",jmtelechea_ipc_nacional
2004-12-01,0.83601375913116,"% variacion mensual (IPC nacional empalmado: indices provinciales hasta dic-2016, INDEC desde ene-2017)",jmtelechea_ipc_nacional
2005-01-01,1.4858719689570865,"% variacion mensual (IPC nacional empalmado: indices provinciales hasta dic-2016, INDEC desde ene-2017)",jmtelechea_ipc_nacional
2005-02-01,0.9459420762181203,"% variacion mensual (IPC nacional empalmado: indices provinciales hasta dic-2016, INDEC desde ene-2017)",jmtelechea_ipc_nacional
2005-03-01,1.5457664667424265,"% variacion mensual (IPC nacional empalmado: indices provinciales hasta dic-2016, INDEC desde ene-2017)",jmtelechea_ipc_nacional
2005-04-01,0.4903401917993877,"% variacion mensual (IPC nacional empalmado: indices provinciales hasta dic-2016, INDEC desde ene-2017)",jmtelechea_ipc_nacional
2005-05-01,0.6007341718191617,"% variacion mensual (IPC nacional empalmado: indices provinciales hasta dic-2016, INDEC desde ene-2017)",jmtelechea_ipc_nacional
2005-06-01,0.9158533424041382,"% variacion mensual (IPC nacional empalmado: indices provinciales hasta dic-2016, INDEC desde ene-2017)",jmtelechea_ipc_nacional
2005-07-01,1.004163477448894,"% variacion mensual (IPC nacional empalmado: indices provinciales hasta dic-2016, INDEC desde ene-2017)",jmtelechea_ipc_nacional
2005-08-01,0.43686613099804816,"% variacion mensual (IPC nacional empalmado: indices provinciales hasta dic-2016, INDEC desde ene-2017)",jmtelechea_ipc_nacional
2005-09-01,1.162993963948522,"% variacion mensual (IPC nacional empalmado: indices provinciales hasta dic-2016, INDEC desde ene-2017)",jmtelechea_ipc_nacional
2005-10-01,0.7814088229311844,"% variacion mensual (IPC nacional empalmado: indices provinciales hasta dic-2016, INDEC desde ene-2017)",jmtelechea_ipc_nacional
2005-11-01,1.206394432607416,"% variacion mensual (IPC nacional empalmado: indices provinciales hasta dic-2016, INDEC desde ene-2017)",jmtelechea_ipc_nacional
2005-12-01,1.1132855564372601,"% variacion mensual (IPC nacional empalmado: indices provinciales hasta dic-2016, INDEC desde ene-2017)",jmtelechea_ipc_nacional
2006-01-01,1.2758471151762985,"% variacion mensual (IPC nacional empalmado: indices provinciales hasta dic-2016, INDEC desde ene-2017)",jmtelechea_ipc_nacional
2006-02-01,0.39632529329036714,"% variacion mensual (IPC nacional empalmado: indices provinciales hasta dic-2016, INDEC desde ene-2017)",jmtelechea_ipc_nacional
2006-03-01,1.205365256691593,"% variacion mensual (IPC nacional empalmado: indices provinciales hasta dic-2016, INDEC desde ene-2017)",jmtelechea_ipc_nacional
2006-04-01,0.9725138819379753,"% variacion mensual (IPC nacional empalmado: indices provinciales hasta dic-2016, INDEC desde ene-2017)",jmtelechea_ipc_nacional
2006-05-01,0.46799726339590286,"% variacion mensual (IPC nacional empalmado: indices provinciales hasta dic-2016, INDEC desde ene-2017)",jmtelechea_ipc_nacional
2006-06-01,0.48422806752541625,"% variacion mensual (IPC nacional empalmado: indices provinciales hasta dic-2016, INDEC desde ene-2017)",jmtelechea_ipc_nacional
2006-07-01,0.6170787767885821,"% variacion mensual (IPC nacional empalmado: indices provinciales hasta dic-2016, INDEC desde ene-2017)",jmtelechea_ipc_nacional
2006-08-01,0.5625171445746036,"% variacion mensual (IPC nacional empalmado: indices provinciales hasta dic-2016, INDEC desde ene-2017)",jmtelechea_ipc_nacional
2006-09-01,0.8993574028674844,"% variacion mensual (IPC nacional empalmado: indices provinciales hasta dic-2016, INDEC desde ene-2017)",jmtelechea_ipc_nacional
2006-10-01,0.8559082981692834,"% variacion mensual (IPC nacional empalmado: indices provinciales hasta dic-2016, INDEC desde ene-2017)",jmtelechea_ipc_nacional
2006-11-01,0.7076601588700937,"% variacion mensual (IPC nacional empalmado: indices provinciales hasta dic-2016, INDEC desde ene-2017)",jmtelechea_ipc_nacional
2006-12-01,0.9812027690688119,"% variacion mensual (IPC nacional empalmado: indices provinciales hasta dic-2016, INDEC desde ene-2017)",jmtelechea_ipc_nacional
2007-01-01,1.1591634429131803,"% variacion mensual (IPC nacional empalmado: indices provinciales hasta dic-2016, INDEC desde ene-2017)",jmtelechea_ipc_nacional
2007-02-01,1.0328517255040248,"% variacion mensual (IPC nacional empalmado: indices provinciales hasta dic-2016, INDEC desde ene-2017)",jmtelechea_ipc_nacional
2007-03-01,0.9988345768019435,"% variacion mensual (IPC nacional empalmado: indices provinciales hasta dic-2016, INDEC desde ene-2017)",jmtelechea_ipc_nacional
2007-04-01,1.9806060188985342,"% variacion mensual (IPC nacional empalmado: indices provinciales hasta dic-2016, INDEC desde ene-2017)",jmtelechea_ipc_nacional
2007-05-01,1.6183749531240688,"% variacion mensual (IPC nacional empalmado: indices provinciales hasta dic-2016, INDEC desde ene-2017)",jmtelechea_ipc_nacional
2007-06-01,1.6971621404238135,"% variacion mensual (IPC nacional empalmado: indices provinciales hasta dic-2016, INDEC desde ene-2017)",jmtelechea_ipc_nacional
2007-07-01,2.1909681298033057,"% variacion mensual (IPC nacional empalmado: indices provinciales hasta dic-2016, INDEC desde ene-2017)",jmtelechea_ipc_nacional
2007-08-01,2.993568601742047,"% variacion mensual (IPC nacional empalmado: indices provinciales hasta dic-2016, INDEC desde ene-2017)",jmtelechea_ipc_nacional
2007-09-01,1.9778186986789459,"% variacion mensual (IPC nacional empalmado: indices provinciales hasta dic-2016, INDEC desde ene-2017)",jmtelechea_ipc_nacional
2007-10-01,2.1000953490098784,"% variacion mensual (IPC nacional empalmado: indices provinciales hasta dic-2016, INDEC desde ene-2017)",jmtelechea_ipc_nacional
2007-11-01,0.6271790289570145,"% variacion mensual (IPC nacional empalmado: indices provinciales hasta dic-2016, INDEC desde ene-2017)",jmtelechea_ipc_nacional
2007-12-01,0.9502688986542163,"% variacion mensual (IPC nacional empalmado: indices provinciales hasta dic-2016, INDEC desde ene-2017)",jmtelechea_ipc_nacional
2008-01-01,1.1694627802136814,"% variacion mensual (IPC nacional empalmado: indices provinciales hasta dic-2016, INDEC desde ene-2017)",jmtelechea_ipc_nacional
2008-02-01,2.1299578526996266,"% variacion mensual (IPC nacional empalmado: indices provinciales hasta dic-2016, INDEC desde ene-2017)",jmtelechea_ipc_nacional
2008-03-01,3.4266243424353915,"% variacion mensual (IPC nacional empalmado: indices provinciales hasta dic-2016, INDEC desde ene-2017)",jmtelechea_ipc_nacional
2008-04-01,2.608050906204862,"% variacion mensual (IPC nacional empalmado: indices provinciales hasta dic-2016, INDEC desde ene-2017)",jmtelechea_ipc_nacional
2008-05-01,1.3674271032473762,"% variacion mensual (IPC nacional empalmado: indices provinciales hasta dic-2016, INDEC desde ene-2017)",jmtelechea_ipc_nacional
2008-06-01,1.7848660461440513,"% variacion mensual (IPC nacional empalmado: indices provinciales hasta dic-2016, INDEC desde ene-2017)",jmtelechea_ipc_nacional
2008-07-01,1.3615428969758536,"% variacion mensual (IPC nacional empalmado: indices provinciales hasta dic-2016, INDEC desde ene-2017)",jmtelechea_ipc_nacional
2008-08-01,1.381381479489141,"% variacion mensual (IPC nacional empalmado: indices provinciales hasta dic-2016, INDEC desde ene-2017)",jmtelechea_ipc_nacional
2008-09-01,1.3657922821988189,"% variacion mensual (IPC nacional empalmado: indices provinciales hasta dic-2016, INDEC desde ene-2017)",jmtelechea_ipc_nacional
2008-10-01,0.7386067247856953,"% variacion mensual (IPC nacional empalmado: indices provinciales hasta dic-2016, INDEC desde ene-2017)",jmtelechea_ipc_nacional
2008-11-01,0.6855795558232902,"% variacion mensual (IPC nacional empalmado: indices provinciales hasta dic-2016, INDEC desde ene-2017)",jmtelechea_ipc_nacional
2008-12-01,0.7307505109729551,"% variacion mensual (IPC nacional empalmado: indices provinciales hasta dic-2016, INDEC desde ene-2017)",jmtelechea_ipc_nacional
2009-01-01,0.521174410035341,"% variacion mensual (IPC nacional empalmado: indices provinciales hasta dic-2016, INDEC desde ene-2017)",jmtelechea_ipc_nacional
2009-02-01,0.7539847776294906,"% variacion mensual (IPC nacional empalmado: indices provinciales hasta dic-2016, INDEC desde ene-2017)",jmtelechea_ipc_nacional
2009-03-01,1.6673365083679226,"% variacion mensual (IPC nacional empalmado: indices provinciales hasta dic-2016, INDEC desde ene-2017)",jmtelechea_ipc_nacional
2009-04-01,1.0815154921307135,"% variacion mensual (IPC nacional empalmado: indices provinciales hasta dic-2016, INDEC desde ene-2017)",jmtelechea_ipc_nacional
2009-05-01,0.6491937974558271,"% variacion mensual (IPC nacional empalmado: indices provinciales hasta dic-2016, INDEC desde ene-2017)",jmtelechea_ipc_nacional
2009-06-01,0.672590494997527,"% variacion mensual (IPC nacional empalmado: indices provinciales hasta dic-2016, INDEC desde ene-2017)",jmtelechea_ipc_nacional
2009-07-01,1.1402634316269422,"% variacion mensual (IPC nacional empalmado: indices provinciales hasta dic-2016, INDEC desde ene-2017)",jmtelechea_ipc_nacional
2009-08-01,1.4399869893682915,"% variacion mensual (IPC nacional empalmado: indices provinciales hasta dic-2016, INDEC desde ene-2017)",jmtelechea_ipc_nacional
2009-09-01,1.147459180667565,"% variacion mensual (IPC nacional empalmado: indices provinciales hasta dic-2016, INDEC desde ene-2017)",jmtelechea_ipc_nacional
2009-10-01,1.6092104542421382,"% variacion mensual (IPC nacional empalmado: indices provinciales hasta dic-2016, INDEC desde ene-2017)",jmtelechea_ipc_nacional
2009-11-01,1.1305587584472754,"% variacion mensual (IPC nacional empalmado: indices provinciales hasta dic-2016, INDEC desde ene-2017)",jmtelechea_ipc_nacional
2009-12-01,2.1399655156983943,"% variacion mensual (IPC nacional empalmado: indices provinciales hasta dic-2016, INDEC desde ene-2017)",jmtelechea_ipc_nacional
2010-01-01,1.9154722868232943,"% variacion mensual (IPC nacional empalmado: indices provinciales hasta dic-2016, INDEC desde ene-2017)",jmtelechea_ipc_nacional
2010-02-01,2.63328523077917,"% variacion mensual (IPC nacional empalmado: indices provinciales hasta dic-2016, INDEC desde ene-2017)",jmtelechea_ipc_nacional
2010-03-01,2.4652493883369653,"% variacion mensual (IPC nacional empalmado: indices provinciales hasta dic-2016, INDEC desde ene-2017)",jmtelechea_ipc_nacional
2010-04-01,1.8455748262750982,"% variacion mensual (IPC nacional empalmado: indices provinciales hasta dic-2016, INDEC desde ene-2017)",jmtelechea_ipc_nacional
2010-05-01,1.3933348292588077,"% variacion mensual (IPC nacional empalmado: indices provinciales hasta dic-2016, INDEC desde ene-2017)",jmtelechea_ipc_nacional
2010-06-01,1.266605741582949,"% variacion mensual (IPC nacional empalmado: indices provinciales hasta dic-2016, INDEC desde ene-2017)",jmtelechea_ipc_nacional
2010-07-01,1.4626384126189773,"% variacion mensual (IPC nacional empalmado: indices provinciales hasta dic-2016, INDEC desde ene-2017)",jmtelechea_ipc_nacional
2010-08-01,1.164869351860065,"% variacion mensual (IPC nacional empalmado: indices provinciales hasta dic-2016, INDEC desde ene-2017)",jmtelechea_ipc_nacional
2010-09-01,0.9859941945387307,"% variacion mensual (IPC nacional empalmado: indices provinciales hasta dic-2016, INDEC desde ene-2017)",jmtelechea_ipc_nacional
2010-10-01,2.049174369154394,"% variacion mensual (IPC nacional empalmado: indices provinciales hasta dic-2016, INDEC desde ene-2017)",jmtelechea_ipc_nacional
2010-11-01,2.0439210444973765,"% variacion mensual (IPC nacional empalmado: indices provinciales hasta dic-2016, INDEC desde ene-2017)",jmtelechea_ipc_nacional
2010-12-01,1.7903160762443138,"% variacion mensual (IPC nacional empalmado: indices provinciales hasta dic-2016, INDEC desde ene-2017)",jmtelechea_ipc_nacional
2011-01-01,1.6912925897499376,"% variacion mensual (IPC nacional empalmado: indices provinciales hasta dic-2016, INDEC desde ene-2017)",jmtelechea_ipc_nacional
2011-02-01,1.2427442665360777,"% variacion mensual (IPC nacional empalmado: indices provinciales hasta dic-2016, INDEC desde ene-2017)",jmtelechea_ipc_nacional
2011-03-01,2.388411604103857,"% variacion mensual (IPC nacional empalmado: indices provinciales hasta dic-2016, INDEC desde ene-2017)",jmtelechea_ipc_nacional
2011-04-01,2.305803811664786,"% variacion mensual (IPC nacional empalmado: indices provinciales hasta dic-2016, INDEC desde ene-2017)",jmtelechea_ipc_nacional
2011-05-01,1.820302290052478,"% variacion mensual (IPC nacional empalmado: indices provinciales hasta dic-2016, INDEC desde ene-2017)",jmtelechea_ipc_nacional
2011-06-01,1.507879432849557,"% variacion mensual (IPC nacional empalmado: indices provinciales hasta dic-2016, INDEC desde ene-2017)",jmtelechea_ipc_nacional
2011-07-01,2.251811761211986,"% variacion mensual (IPC nacional empalmado: indices provinciales hasta dic-2016, INDEC desde ene-2017)",jmtelechea_ipc_nacional
2011-08-01,1.795903503008378,"% variacion mensual (IPC nacional empalmado: indices provinciales hasta dic-2016, INDEC desde ene-2017)",jmtelechea_ipc_nacional
2011-09-01,1.824453642063073,"% variacion mensual (IPC nacional empalmado: indices provinciales hasta dic-2016, INDEC desde ene-2017)",jmtelechea_ipc_nacional
2011-10-01,1.1564532569824815,"% variacion mensual (IPC nacional empalmado: indices provinciales hasta dic-2016, INDEC desde ene-2017)",jmtelechea_ipc_nacional
2011-11-01,1.6200851113365333,"% variacion mensual (IPC nacional empalmado: indices provinciales hasta dic-2016, INDEC desde ene-2017)",jmtelechea_ipc_nacional
2011-12-01,1.6446502782484052,"% variacion mensual (IPC nacional empalmado: indices provinciales hasta dic-2016, INDEC desde ene-2017)",jmtelechea_ipc_nacional
2012-01-01,1.0437080912215624,"% variacion mensual (IPC nacional empalmado: indices provinciales hasta dic-2016, INDEC desde ene-2017)",jmtelechea_ipc_nacional
2012-02-01,1.2437951405842806,"% variacion mensual (IPC nacional empalmado: indices provinciales hasta dic-2016, INDEC desde ene-2017)",jmtelechea_ipc_nacional
2012-03-01,2.411719590281125,"% variacion mensual (IPC nacional empalmado: indices provinciales hasta dic-2016, INDEC desde ene-2017)",jmtelechea_ipc_nacional
2012-04-01,2.518299259889667,"% variacion mensual (IPC nacional empalmado: indices provinciales hasta dic-2016, INDEC desde ene-2017)",jmtelechea_ipc_nacional
2012-05-01,1.535886081620208,"% variacion mensual (IPC nacional empalmado: indices provinciales hasta dic-2016, INDEC desde ene-2017)",jmtelechea_ipc_nacional
2012-06-01,1.3642026811353958,"% variacion mensual (IPC nacional empalmado: indices provinciales hasta dic-2016, INDEC desde ene-2017)",jmtelechea_ipc_nacional
2012-07-01,2.002332773075377,"% variacion mensual (IPC nacional empalmado: indices provinciales hasta dic-2016, INDEC desde ene-2017)",jmtelechea_ipc_nacional
2012-08-01,2.1352399569224634,"% variacion mensual (IPC nacional empalmado: indices provinciales hasta dic-2016, INDEC desde ene-2017)",jmtelechea_ipc_nacional
2012-09-01,2.12837056866626,"% variacion mensual (IPC nacional empalmado: indices provinciales hasta dic-2016, INDEC desde ene-2017)",jmtelechea_ipc_nacional
2012-10-01,1.5076578475972546,"% variacion mensual (IPC nacional empalmado: indices provinciales hasta dic-2016, INDEC desde ene-2017)",jmtelechea_ipc_nacional
2012-11-01,2.1012633828004335,"% variacion mensual (IPC nacional empalmado: indices provinciales hasta dic-2016, INDEC desde ene-2017)",jmtelechea_ipc_nacional
2012-12-01,1.4936826809017534,"% variacion mensual (IPC nacional empalmado: indices provinciales hasta dic-2016, INDEC desde ene-2017)",jmtelechea_ipc_nacional
2013-01-01,1.8433418219797826,"% variacion mensual (IPC nacional empalmado: indices provinciales hasta dic-2016, INDEC desde ene-2017)",jmtelechea_ipc_nacional
2013-02-01,1.8767452506077476,"% variacion mensual (IPC nacional empalmado: indices provinciales hasta dic-2016, INDEC desde ene-2017)",jmtelechea_ipc_nacional
2013-03-01,1.6722987712921134,"% variacion mensual (IPC nacional empalmado: indices provinciales hasta dic-2016, INDEC desde ene-2017)",jmtelechea_ipc_nacional
2013-04-01,1.6965283657219832,"% variacion mensual (IPC nacional empalmado: indices provinciales hasta dic-2016, INDEC desde ene-2017)",jmtelechea_ipc_nacional
2013-05-01,1.3986439547546192,"% variacion mensual (IPC nacional empalmado: indices provinciales hasta dic-2016, INDEC desde ene-2017)",jmtelechea_ipc_nacional
2013-06-01,2.0311096160362974,"% variacion mensual (IPC nacional empalmado: indices provinciales hasta dic-2016, INDEC desde ene-2017)",jmtelechea_ipc_nacional
2013-07-01,2.3920087394602163,"% variacion mensual (IPC nacional empalmado: indices provinciales hasta dic-2016, INDEC desde ene-2017)",jmtelechea_ipc_nacional
2013-08-01,2.1515121419194427,"% variacion mensual (IPC nacional empalmado: indices provinciales hasta dic-2016, INDEC desde ene-2017)",jmtelechea_ipc_nacional
2013-09-01,2.1763294944536327,"% variacion mensual (IPC nacional empalmado: indices provinciales hasta dic-2016, INDEC desde ene-2017)",jmtelechea_ipc_nacional
2013-10-01,2.1587983956504297,"% variacion mensual (IPC nacional empalmado: indices provinciales hasta dic-2016, INDEC desde ene-2017)",jmtelechea_ipc_nacional
2013-11-01,2.680853745852696,"% variacion mensual (IPC nacional empalmado: indices provinciales hasta dic-2016, INDEC desde ene-2017)",jmtelechea_ipc_nacional
2013-12-01,2.279602100179434,"% variacion mensual (IPC nacional empalmado: indices provinciales hasta dic-2016, INDEC desde ene-2017)",jmtelechea_ipc_nacional
2014-01-01,3.049358306766936,"% variacion mensual (IPC nacional empalmado: indices provinciales hasta dic-2016, INDEC desde ene-2017)",jmtelechea_ipc_nacional
2014-02-01,4.655180343712462,"% variacion mensual (IPC nacional empalmado: indices provinciales hasta dic-2016, INDEC desde ene-2017)",jmtelechea_ipc_nacional
2014-03-01,3.5263448988040125,"% variacion mensual (IPC nacional empalmado: indices provinciales hasta dic-2016, INDEC desde ene-2017)",jmtelechea_ipc_nacional
2014-04-01,2.768121523303191,"% variacion mensual (IPC nacional empalmado: indices provinciales hasta dic-2016, INDEC desde ene-2017)",jmtelechea_ipc_nacional
2014-05-01,1.7293607753520623,"% variacion mensual (IPC nacional empalmado: indices provinciales hasta dic-2016, INDEC desde ene-2017)",jmtelechea_ipc_nacional
2014-06-01,2.0765795681219057,"% variacion mensual (IPC nacional empalmado: indices provinciales hasta dic-2016, INDEC desde ene-2017)",jmtelechea_ipc_nacional
2014-07-01,1.4891540402678594,"% variacion mensual (IPC nacional empalmado: indices provinciales hasta dic-2016, INDEC desde ene-2017)",jmtelechea_ipc_nacional
2014-08-01,2.574229802695016,"% variacion mensual (IPC nacional empalmado: indices provinciales hasta dic-2016, INDEC desde ene-2017)",jmtelechea_ipc_nacional
2014-09-01,2.2744462140423805,"% variacion mensual (IPC nacional empalmado: indices provinciales hasta dic-2016, INDEC desde ene-2017)",jmtelechea_ipc_nacional
2014-10-01,1.957964792975453,"% variacion mensual (IPC nacional empalmado: indices provinciales hasta dic-2016, INDEC desde ene-2017)",jmtelechea_ipc_nacional
2014-11-01,1.6590033167636742,"% variacion mensual (IPC nacional empalmado: indices provinciales hasta dic-2016, INDEC desde ene-2017)",jmtelechea_ipc_nacional
2014-12-01,0.881226555335779,"% variacion mensual (IPC nacional empalmado: indices provinciales hasta dic-2016, INDEC desde ene-2017)",jmtelechea_ipc_nacional
2015-01-01,0.7901770794500607,"% variacion mensual (IPC nacional empalmado: indices provinciales hasta dic-2016, INDEC desde ene-2017)",jmtelechea_ipc_nacional
2015-02-01,1.4428513998727688,"% variacion mensual (IPC nacional empalmado: indices provinciales hasta dic-2016, INDEC desde ene-2017)",jmtelechea_ipc_nacional
2015-03-01,2.3933128864516373,"% variacion mensual (IPC nacional empalmado: indices provinciales hasta dic-2016, INDEC desde ene-2017)",jmtelechea_ipc_nacional
2015-04-01,2.1971449534202048,"% variacion mensual (IPC nacional empalmado: indices provinciales hasta dic-2016, INDEC desde ene-2017)",jmtelechea_ipc_nacional
2015-05-01,1.4826661963067034,"% variacion mensual (IPC nacional empalmado: indices provinciales hasta dic-2016, INDEC desde ene-2017)",jmtelechea_ipc_nacional
2015-06-01,1.6497819350616005,"% variacion mensual (IPC nacional empalmado: indices provinciales hasta dic-2016, INDEC desde ene-2017)",jmtelechea_ipc_nacional
2015-07-01,1.7868469131382847,"% variacion mensual (IPC nacional empalmado: indices provinciales hasta dic-2016, INDEC desde ene-2017)",jmtelechea_ipc_nacional
2015-08-01,1.3915864358543528,"% variacion mensual (IPC nacional empalmado: indices provinciales hasta dic-2016, INDEC desde ene-2017)",jmtelechea_ipc_nacional
2015-09-01,2.0599975399998582,"% variacion mensual (IPC nacional empalmado: indices provinciales hasta dic-2016, INDEC desde ene-2017)",jmtelechea_ipc_nacional
2015-10-01,1.819444963000083,"% variacion mensual (IPC nacional empalmado: indices provinciales hasta dic-2016, INDEC desde ene-2017)",jmtelechea_ipc_nacional
2015-11-01,1.8779350679998474,"% variacion mensual (IPC nacional empalmado: indices provinciales hasta dic-2016, INDEC desde ene-2017)",jmtelechea_ipc_nacional
2015-12-01,3.284400000000365,"% variacion mensual (IPC nacional empalmado: indices provinciales hasta dic-2016, INDEC desde ene-2017)",jmtelechea_ipc_nacional
2016-01-01,3.234726121399456,"% variacion mensual (IPC nacional empalmado: indices provinciales hasta dic-2016, INDEC desde ene-2017)",jmtelechea_ipc_nacional
2016-02-01,5.425764732840022,"% variacion mensual (IPC nacional empalmado: indices provinciales hasta dic-2016, INDEC desde ene-2017)",jmtelechea_ipc_nacional
2016-03-01,3.4699999999998843,"% variacion mensual (IPC nacional empalmado: indices provinciales hasta dic-2016, INDEC desde ene-2017)",jmtelechea_ipc_nacional
2016-04-01,6.240700000000143,"% variacion mensual (IPC nacional empalmado: indices provinciales hasta dic-2016, INDEC desde ene-2017)",jmtelechea_ipc_nacional
2016-05-01,3.1926670000003377,"% variacion mensual (IPC nacional empalmado: indices provinciales hasta dic-2016, INDEC desde ene-2017)",jmtelechea_ipc_nacional
2016-06-01,2.1799999999996267,"% variacion mensual (IPC nacional empalmado: indices provinciales hasta dic-2016, INDEC desde ene-2017)",jmtelechea_ipc_nacional
2016-07-01,1.7344534050679261,"% variacion mensual (IPC nacional empalmado: indices provinciales hasta dic-2016, INDEC desde ene-2017)",jmtelechea_ipc_nacional
2016-08-01,1.5308584246821466,"% variacion mensual (IPC nacional empalmado: indices provinciales hasta dic-2016, INDEC desde ene-2017)",jmtelechea_ipc_nacional
2016-09-01,0.7379330380681948,"% variacion mensual (IPC nacional empalmado: indices provinciales hasta dic-2016, INDEC desde ene-2017)",jmtelechea_ipc_nacional
2016-10-01,2.968051000000127,"% variacion mensual (IPC nacional empalmado: indices provinciales hasta dic-2016, INDEC desde ene-2017)",jmtelechea_ipc_nacional
2016-11-01,1.6650528495715688,"% variacion mensual (IPC nacional empalmado: indices provinciales hasta dic-2016, INDEC desde ene-2017)",jmtelechea_ipc_nacional
2016-12-01,1.650725000000497,"% variacion mensual (IPC nacional empalmado: indices provinciales hasta dic-2016, INDEC desde ene-2017)",jmtelechea_ipc_nacional
2017-01-01,1.58589999999998,"% variacion mensual (IPC nacional empalmado: indices provinciales hasta dic-2016, INDEC desde ene-2017)",jmtelechea_ipc_nacional
2017-02-01,2.06721602112105,"% variacion mensual (IPC nacional empalmado: indices provinciales hasta dic-2016, INDEC desde ene-2017)",jmtelechea_ipc_nacional
2017-03-01,2.37418974036005,"% variacion mensual (IPC nacional empalmado: indices provinciales hasta dic-2016, INDEC desde ene-2017)",jmtelechea_ipc_nacional
2017-04-01,2.65583018363109,"% variacion mensual (IPC nacional empalmado: indices provinciales hasta dic-2016, INDEC desde ene-2017)",jmtelechea_ipc_nacional
2017-05-01,1.43475024938812,"% variacion mensual (IPC nacional empalmado: indices provinciales hasta dic-2016, INDEC desde ene-2017)",jmtelechea_ipc_nacional
2017-06-01,1.19207347138923,"% variacion mensual (IPC nacional empalmado: indices provinciales hasta dic-2016, INDEC desde ene-2017)",jmtelechea_ipc_nacional
2017-07-01,1.7322662871029002,"% variacion mensual (IPC nacional empalmado: indices provinciales hasta dic-2016, INDEC desde ene-2017)",jmtelechea_ipc_nacional
2017-08-01,1.40325806871193,"% variacion mensual (IPC nacional empalmado: indices provinciales hasta dic-2016, INDEC desde ene-2017)",jmtelechea_ipc_nacional
2017-09-01,1.89804466731784,"% variacion mensual (IPC nacional empalmado: indices provinciales hasta dic-2016, INDEC desde ene-2017)",jmtelechea_ipc_nacional
2017-10-01,1.51473268697708,"% variacion mensual (IPC nacional empalmado: indices provinciales hasta dic-2016, INDEC desde ene-2017)",jmtelechea_ipc_nacional
2017-11-01,1.3750829473627701,"% variacion mensual (IPC nacional empalmado: indices provinciales hasta dic-2016, INDEC desde ene-2017)",jmtelechea_ipc_nacional
2017-12-01,3.14197398218092,"% variacion mensual (IPC nacional empalmado: indices provinciales hasta dic-2016, INDEC desde ene-2017)",jmtelechea_ipc_nacional
2018-01-01,1.7573536246470098,"% variacion mensual (IPC nacional empalmado: indices provinciales hasta dic-2016, INDEC desde ene-2017)",jmtelechea_ipc_nacional
2018-02-01,2.4190341345332302,"% variacion mensual (IPC nacional empalmado: indices provinciales hasta dic-2016, INDEC desde ene-2017)",jmtelechea_ipc_nacional
2018-03-01,2.34106255084169,"% variacion mensual (IPC nacional empalmado: indices provinciales hasta dic-2016, INDEC desde ene-2017)",jmtelechea_ipc_nacional
2018-04-01,2.7390323758465103,"% variacion mensual (IPC nacional empalmado: indices provinciales hasta dic-2016, INDEC desde ene-2017)",jmtelechea_ipc_nacional
2018-05-01,2.07537484131765,"% variacion mensual (IPC nacional empalmado: indices provinciales hasta dic-2016, INDEC desde ene-2017)",jmtelechea_ipc_nacional
2018-06-01,3.7366760919353896,"% variacion mensual (IPC nacional empalmado: indices provinciales hasta dic-2016, INDEC desde ene-2017)",jmtelechea_ipc_nacional
2018-07-01,3.10161299344708,"% variacion mensual (IPC nacional empalmado: indices provinciales hasta dic-2016, INDEC desde ene-2017)",jmtelechea_ipc_nacional
2018-08-01,3.88943887536621,"% variacion mensual (IPC nacional empalmado: indices provinciales hasta dic-2016, INDEC desde ene-2017)",jmtelechea_ipc_nacional
2018-09-01,6.534286160071299,"% variacion mensual (IPC nacional empalmado: indices provinciales hasta dic-2016, INDEC desde ene-2017)",jmtelechea_ipc_nacional
2018-10-01,5.39160715161073,"% variacion mensual (IPC nacional empalmado: indices provinciales hasta dic-2016, INDEC desde ene-2017)",jmtelechea_ipc_nacional
2018-11-01,3.1533649961842602,"% variacion mensual (IPC nacional empalmado: indices provinciales hasta dic-2016, INDEC desde ene-2017)",jmtelechea_ipc_nacional
2018-12-01,2.56982344571439,"% variacion mensual (IPC nacional empalmado: indices provinciales hasta dic-2016, INDEC desde ene-2017)",jmtelechea_ipc_nacional
2019-01-01,2.90624090934745,"% variacion mensual (IPC nacional empalmado: indices provinciales hasta dic-2016, INDEC desde ene-2017)",jmtelechea_ipc_nacional
2019-02-01,3.76562218995719,"% variacion mensual (IPC nacional empalmado: indices provinciales hasta dic-2016, INDEC desde ene-2017)",jmtelechea_ipc_nacional
2019-03-01,4.67954018828959,"% variacion mensual (IPC nacional empalmado: indices provinciales hasta dic-2016, INDEC desde ene-2017)",jmtelechea_ipc_nacional
2019-04-01,3.44469794923312,"% variacion mensual (IPC nacional empalmado: indices provinciales hasta dic-2016, INDEC desde ene-2017)",jmtelechea_ipc_nacional
2019-05-01,3.05906969998361,"% variacion mensual (IPC nacional empalmado: indices provinciales hasta dic-2016, INDEC desde ene-2017)",jmtelechea_ipc_nacional
2019-06-01,2.71800540239952,"% variacion mensual (IPC nacional empalmado: indices provinciales hasta dic-2016, INDEC desde ene-2017)",jmtelechea_ipc_nacional
2019-07-01,2.1978655386921,"% variacion mensual (IPC nacional empalmado: indices provinciales hasta dic-2016, INDEC desde ene-2017)",jmtelechea_ipc_nacional
2019-08-01,3.95398578704868,"% variacion mensual (IPC nacional empalmado: indices provinciales hasta dic-2016, INDEC desde ene-2017)",jmtelechea_ipc_nacional
2019-09-01,5.885662272122301,"% variacion mensual (IPC nacional empalmado: indices provinciales hasta dic-2016, INDEC desde ene-2017)",jmtelechea_ipc_nacional
2019-10-01,3.29348209098412,"% variacion mensual (IPC nacional empalmado: indices provinciales hasta dic-2016, INDEC desde ene-2017)",jmtelechea_ipc_nacional
2019-11-01,4.25453730948031,"% variacion mensual (IPC nacional empalmado: indices provinciales hasta dic-2016, INDEC desde ene-2017)",jmtelechea_ipc_nacional
2019-12-01,3.74370735513833,"% variacion mensual (IPC nacional empalmado: indices provinciales hasta dic-2016, INDEC desde ene-2017)",jmtelechea_ipc_nacional
2020-01-01,2.25289492605598,"% variacion mensual (IPC nacional empalmado: indices provinciales hasta dic-2016, INDEC desde ene-2017)",jmtelechea_ipc_nacional
2020-02-01,2.0136293736429502,"% variacion mensual (IPC nacional empalmado: indices provinciales hasta dic-2016, INDEC desde ene-2017)",jmtelechea_ipc_nacional
2020-03-01,3.34346864367225,"% variacion mensual (IPC nacional empalmado: indices provinciales hasta dic-2016, INDEC desde ene-2017)",jmtelechea_ipc_nacional
2020-04-01,1.49657259087256,"% variacion mensual (IPC nacional empalmado: indices provinciales hasta dic-2016, INDEC desde ene-2017)",jmtelechea_ipc_nacional
2020-05-01,1.54273625123861,"% variacion mensual (IPC nacional empalmado: indices provinciales hasta dic-2016, INDEC desde ene-2017)",jmtelechea_ipc_nacional
2020-06-01,2.2435391591276903,"% variacion mensual (IPC nacional empalmado: indices provinciales hasta dic-2016, INDEC desde ene-2017)",jmtelechea_ipc_nacional
2020-07-01,1.93419464565129,"% variacion mensual (IPC nacional empalmado: indices provinciales hasta dic-2016, INDEC desde ene-2017)",jmtelechea_ipc_nacional
2020-08-01,2.70011035906612,"% variacion mensual (IPC nacional empalmado: indices provinciales hasta dic-2016, INDEC desde ene-2017)",jmtelechea_ipc_nacional
2020-09-01,2.8355216469789504,"% variacion mensual (IPC nacional empalmado: indices provinciales hasta dic-2016, INDEC desde ene-2017)",jmtelechea_ipc_nacional
2020-10-01,3.7609698439821897,"% variacion mensual (IPC nacional empalmado: indices provinciales hasta dic-2016, INDEC desde ene-2017)",jmtelechea_ipc_nacional
2020-11-01,3.15970494109665,"% variacion mensual (IPC nacional empalmado: indices provinciales hasta dic-2016, INDEC desde ene-2017)",jmtelechea_ipc_nacional
2020-12-01,4.00556733835353,"% variacion mensual (IPC nacional empalmado: indices provinciales hasta dic-2016, INDEC desde ene-2017)",jmtelechea_ipc_nacional
2021-01-01,4.04902941982872,"% variacion mensual (IPC nacional empalmado: indices provinciales hasta dic-2016, INDEC desde ene-2017)",jmtelechea_ipc_nacional
2021-02-01,3.57463168148211,"% variacion mensual (IPC nacional empalmado: indices provinciales hasta dic-2016, INDEC desde ene-2017)",jmtelechea_ipc_nacional
2021-03-01,4.81080749628179,"% variacion mensual (IPC nacional empalmado: indices provinciales hasta dic-2016, INDEC desde ene-2017)",jmtelechea_ipc_nacional
2021-04-01,4.080293539959659,"% variacion mensual (IPC nacional empalmado: indices provinciales hasta dic-2016, INDEC desde ene-2017)",jmtelechea_ipc_nacional
2021-05-01,3.3229780736395402,"% variacion mensual (IPC nacional empalmado: indices provinciales hasta dic-2016, INDEC desde ene-2017)",jmtelechea_ipc_nacional
2021-06-01,3.1745479758920503,"% variacion mensual (IPC nacional empalmado: indices provinciales hasta dic-2016, INDEC desde ene-2017)",jmtelechea_ipc_nacional
2021-07-01,2.99703332203624,"% variacion mensual (IPC nacional empalmado: indices provinciales hasta dic-2016, INDEC desde ene-2017)",jmtelechea_ipc_nacional
2021-08-01,2.46848666740147,"% variacion mensual (IPC nacional empalmado: indices provinciales hasta dic-2016, INDEC desde ene-2017)",jmtelechea_ipc_nacional
2021-09-01,3.5467879533113797,"% variacion mensual (IPC nacional empalmado: indices provinciales hasta dic-2016, INDEC desde ene-2017)",jmtelechea_ipc_nacional
2021-10-01,3.51627483837178,"% variacion mensual (IPC nacional empalmado: indices provinciales hasta dic-2016, INDEC desde ene-2017)",jmtelechea_ipc_nacional
2021-11-01,2.52946460135095,"% variacion mensual (IPC nacional empalmado: indices provinciales hasta dic-2016, INDEC desde ene-2017)",jmtelechea_ipc_nacional
2021-12-01,3.83997030584126,"% variacion mensual (IPC nacional empalmado: indices provinciales hasta dic-2016, INDEC desde ene-2017)",jmtelechea_ipc_nacional
2022-01-01,3.87568191670637,"% variacion mensual (IPC nacional empalmado: indices provinciales hasta dic-2016, INDEC desde ene-2017)",jmtelechea_ipc_nacional
2022-02-01,4.6943656010089905,"% variacion mensual (IPC nacional empalmado: indices provinciales hasta dic-2016, INDEC desde ene-2017)",jmtelechea_ipc_nacional
2022-03-01,6.72879783390254,"% variacion mensual (IPC nacional empalmado: indices provinciales hasta dic-2016, INDEC desde ene-2017)",jmtelechea_ipc_nacional
2022-04-01,6.04141724228415,"% variacion mensual (IPC nacional empalmado: indices provinciales hasta dic-2016, INDEC desde ene-2017)",jmtelechea_ipc_nacional
2022-05-01,5.05607476635514,"% variacion mensual (IPC nacional empalmado: indices provinciales hasta dic-2016, INDEC desde ene-2017)",jmtelechea_ipc_nacional
2022-06-01,5.29522125162815,"% variacion mensual (IPC nacional empalmado: indices provinciales hasta dic-2016, INDEC desde ene-2017)",jmtelechea_ipc_nacional
2022-07-01,7.40619685715935,"% variacion mensual (IPC nacional empalmado: indices provinciales hasta dic-2016, INDEC desde ene-2017)",jmtelechea_ipc_nacional
2022-08-01,6.970335575355061,"% variacion mensual (IPC nacional empalmado: indices provinciales hasta dic-2016, INDEC desde ene-2017)",jmtelechea_ipc_nacional
2022-09-01,6.16551988757716,"% variacion mensual (IPC nacional empalmado: indices provinciales hasta dic-2016, INDEC desde ene-2017)",jmtelechea_ipc_nacional
2022-10-01,6.34735010869345,"% variacion mensual (IPC nacional empalmado: indices provinciales hasta dic-2016, INDEC desde ene-2017)",jmtelechea_ipc_nacional
2022-11-01,4.91614708186791,"% variacion mensual (IPC nacional empalmado: indices provinciales hasta dic-2016, INDEC desde ene-2017)",jmtelechea_ipc_nacional
2022-12-01,5.12460775886709,"% variacion mensual (IPC nacional empalmado: indices provinciales hasta dic-2016, INDEC desde ene-2017)",jmtelechea_ipc_nacional
2023-01-01,6.02787356638425,"% variacion mensual (IPC nacional empalmado: indices provinciales hasta dic-2016, INDEC desde ene-2017)",jmtelechea_ipc_nacional
2023-02-01,6.62772168092709,"% variacion mensual (IPC nacional empalmado: indices provinciales hasta dic-2016, INDEC desde ene-2017)",jmtelechea_ipc_nacional
2023-03-01,7.67523984978355,"% variacion mensual (IPC nacional empalmado: indices provinciales hasta dic-2016, INDEC desde ene-2017)",jmtelechea_ipc_nacional
2023-04-01,8.40268988367096,"% variacion mensual (IPC nacional empalmado: indices provinciales hasta dic-2016, INDEC desde ene-2017)",jmtelechea_ipc_nacional
2023-05-01,7.77275296589059,"% variacion mensual (IPC nacional empalmado: indices provinciales hasta dic-2016, INDEC desde ene-2017)",jmtelechea_ipc_nacional
2023-06-01,5.9508319805006105,"% variacion mensual (IPC nacional empalmado: indices provinciales hasta dic-2016, INDEC desde ene-2017)",jmtelechea_ipc_nacional
2023-07-01,6.34485086231579,"% variacion mensual (IPC nacional empalmado: indices provinciales hasta dic-2016, INDEC desde ene-2017)",jmtelechea_ipc_nacional
2023-08-01,12.44163772868995,"% variacion mensual (IPC nacional empalmado: indices provinciales hasta dic-2016, INDEC desde ene-2017)",jmtelechea_ipc_nacional
2023-09-01,12.74975013246695,"% variacion mensual (IPC nacional empalmado: indices provinciales hasta dic-2016, INDEC desde ene-2017)",jmtelechea_ipc_nacional
2023-10-01,8.30173938041001,"% variacion mensual (IPC nacional empalmado: indices provinciales hasta dic-2016, INDEC desde ene-2017)",jmtelechea_ipc_nacional
2023-11-01,12.81069017691574,"% variacion mensual (IPC nacional empalmado: indices provinciales hasta dic-2016, INDEC desde ene-2017)",jmtelechea_ipc_nacional
2023-12-01,25.46567498423684,"% variacion mensual (IPC nacional empalmado: indices provinciales hasta dic-2016, INDEC desde ene-2017)",jmtelechea_ipc_nacional
2024-01-01,20.61422528896106,"% variacion mensual (IPC nacional empalmado: indices provinciales hasta dic-2016, INDEC desde ene-2017)",jmtelechea_ipc_nacional
2024-02-01,13.24067605352477,"% variacion mensual (IPC nacional empalmado: indices provinciales hasta dic-2016, INDEC desde ene-2017)",jmtelechea_ipc_nacional
2024-03-01,11.00970015654023,"% variacion mensual (IPC nacional empalmado: indices provinciales hasta dic-2016, INDEC desde ene-2017)",jmtelechea_ipc_nacional
2024-04-01,8.83192076060508,"% variacion mensual (IPC nacional empalmado: indices provinciales hasta dic-2016, INDEC desde ene-2017)",jmtelechea_ipc_nacional
2024-05-01,4.2,"% variacion mensual (IPC nacional empalmado: indices provinciales hasta dic-2016, INDEC desde ene-2017)",jmtelechea_ipc_nacional
2024-06-01,4.57706578830274,"% variacion mensual (IPC nacional empalmado: indices provinciales hasta dic-2016, INDEC desde ene-2017)",jmtelechea_ipc_nacional
2024-07-01,4.03093369514639,"% variacion mensual (IPC nacional empalmado: indices provinciales hasta dic-2016, INDEC desde ene-2017)",jmtelechea_ipc_nacional
2024-08-01,4.17227327937252,"% variacion mensual (IPC nacional empalmado: indices provinciales hasta dic-2016, INDEC desde ene-2017)",jmtelechea_ipc_nacional
2024-09-01,3.46920810480664,"% variacion mensual (IPC nacional empalmado: indices provinciales hasta dic-2016, INDEC desde ene-2017)",jmtelechea_ipc_nacional
2024-10-01,2.69173804131146,"% variacion mensual (IPC nacional empalmado: indices provinciales hasta dic-2016, INDEC desde ene-2017)",jmtelechea_ipc_nacional
2024-11-01,2.4265560755083597,"% variacion mensual (IPC nacional empalmado: indices provinciales hasta dic-2016, INDEC desde ene-2017)",jmtelechea_ipc_nacional
2024-12-01,2.70410405146337,"% variacion mensual (IPC nacional empalmado: indices provinciales hasta dic-2016, INDEC desde ene-2017)",jmtelechea_ipc_nacional
2025-01-01,2.21104801366518,"% variacion mensual (IPC nacional empalmado: indices provinciales hasta dic-2016, INDEC desde ene-2017)",jmtelechea_ipc_nacional
2025-02-01,2.40162743075178,"% variacion mensual (IPC nacional empalmado: indices provinciales hasta dic-2016, INDEC desde ene-2017)",jmtelechea_ipc_nacional
2025-03-01,3.7293353066121604,"% variacion mensual (IPC nacional empalmado: indices provinciales hasta dic-2016, INDEC desde ene-2017)",jmtelechea_ipc_nacional
2025-04-01,2.78083584485095,"% variacion mensual (IPC nacional empalmado: indices provinciales hasta dic-2016, INDEC desde ene-2017)",jmtelechea_ipc_nacional
2025-05-01,1.5011086343823,"% variacion mensual (IPC nacional empalmado: indices provinciales hasta dic-2016, INDEC desde ene-2017)",jmtelechea_ipc_nacional
2025-06-01,1.6189248819933302,"% variacion mensual (IPC nacional empalmado: indices provinciales hasta dic-2016, INDEC desde ene-2017)",jmtelechea_ipc_nacional
2025-07-01,1.90168375533128,"% variacion mensual (IPC nacional empalmado: indices provinciales hasta dic-2016, INDEC desde ene-2017)",jmtelechea_ipc_nacional
2025-08-01,1.87579351135027,"% variacion mensual (IPC nacional empalmado: indices provinciales hasta dic-2016, INDEC desde ene-2017)",jmtelechea_ipc_nacional
2025-09-01,2.07596032395136,"% variacion mensual (IPC nacional empalmado: indices provinciales hasta dic-2016, INDEC desde ene-2017)",jmtelechea_ipc_nacional
2025-10-01,2.34194310239195,"% variacion mensual (IPC nacional empalmado: indices provinciales hasta dic-2016, INDEC desde ene-2017)",jmtelechea_ipc_nacional
2025-11-01,2.47291967107856,"% variacion mensual (IPC nacional empalmado: indices provinciales hasta dic-2016, INDEC desde ene-2017)",jmtelechea_ipc_nacional
2025-12-01,2.8452719345717097,"% variacion mensual (IPC nacional empalmado: indices provinciales hasta dic-2016, INDEC desde ene-2017)",jmtelechea_ipc_nacional
2026-01-01,2.88161935366171,"% variacion mensual (IPC nacional empalmado: indices provinciales hasta dic-2016, INDEC desde ene-2017)",jmtelechea_ipc_nacional
2026-02-01,2.89631907267269,"% variacion mensual (IPC nacional empalmado: indices provinciales hasta dic-2016, INDEC desde ene-2017)",jmtelechea_ipc_nacional
2026-03-01,3.38262219244152,"% variacion mensual (IPC nacional empalmado: indices provinciales hasta dic-2016, INDEC desde ene-2017)",jmtelechea_ipc_nacional
2026-04-01,2.58217956156745,"% variacion mensual (IPC nacional empalmado: indices provinciales hasta dic-2016, INDEC desde ene-2017)",jmtelechea_ipc_nacional
2026-05-01,2.14997233499085,"% variacion mensual (IPC nacional empalmado: indices provinciales hasta dic-2016, INDEC desde ene-2017)",jmtelechea_ipc_nacional
2026-06-01,1.8868714688293702,"% variacion mensual (IPC nacional empalmado: indices provinciales hasta dic-2016, INDEC desde ene-2017)",jmtelechea_ipc_nacional
2026-07-01,2.1137724267861797,"% variacion mensual (IPC nacional empalmado: indices provinciales hasta dic-2016, INDEC desde ene-2017)",jmtelechea_ipc_nacional
2026-08-01,1.65920642352028,"% variacion mensual (IPC nacional empalmado: indices provinciales hasta dic-2016, INDEC desde ene-2017)",jmtelechea_ipc_nacional
